0,-5,0
0,-4.9983,0
0,-4.9967,0
0,-4.995,0
0,-4.9933,0
0,-4.9917,0
0,-4.99,0
0,-4.9883,0
0,-4.9867,0
0,-4.985,0
0,-4.9833,0
0,-4.9817,0
0,-4.98,0
0,-4.9783,0
0,-4.9767,0
0,-4.975,0
0,-4.9733,0
0,-4.9717,0
0,-4.97,0
0,-4.9683,0
0,-4.9667,0
0,-4.965,0
0,-4.9633,0
0,-4.9617,0
0,-4.96,0
0,-4.9583,0
0,-4.9567,0
0,-4.955,0
0,-4.9533,0
0,-4.9517,0
0,-4.95,0
0,-4.9483,0
0,-4.9467,0
0,-4.945,0
0,-4.9433,0
0,-4.9417,0
0,-4.94,0
0,-4.9383,0
0,-4.9367,0
0,-4.935,0
0,-4.9333,0
0,-4.9317,0
0,-4.93,0
0,-4.9283,0
0,-4.9267,0
0,-4.925,0
0,-4.9233,0
0,-4.9217,0
0,-4.92,0
0,-4.9183,0
0,-4.9167,0
0,-4.915,0
0,-4.9133,0
0,-4.9117,0
0,-4.91,0
0,-4.9083,0
0,-4.9067,0
0,-4.905,0
0,-4.9033,0
0,-4.9017,0
0,-4.9,0
0,-4.8983,0
0,-4.8966,0
0,-4.895,0
0,-4.8933,0
0,-4.8916,0
0,-4.89,0
0,-4.8883,0
0,-4.8866,0
0,-4.885,0
0,-4.8833,0
0,-4.8816,0
0,-4.88,0
0,-4.8783,0
0,-4.8766,0
0,-4.875,-0
0,-4.8733,-0
0,-4.8716,-0
0,-4.87,-0
0,-4.8683,-0
0,-4.8666,-0
0,-4.865,-0
0,-4.8633,-0
0,-4.8616,-0
0,-4.86,-0
0,-4.8583,-0
0,-4.8566,-0
0,-4.855,-0
0,-4.8533,-0
0,-4.8516,-0
0,-4.85,-0
0,-4.8483,-0
0,-4.8466,-0
0,-4.845,-0
0,-4.8433,-0
0,-4.8416,-0
0,-4.84,-0
0,-4.8383,-0
0,-4.8366,-0
0,-4.835,-0
0,-4.8333,-0
0,-4.8316,-0
0,-4.83,-0
0,-4.8283,-0
0,-4.8266,-0
0,-4.825,-0
0,-4.8233,-0
0,-4.8216,-0
0,-4.82,-0
0,-4.8183,-0
0,-4.8166,-0
0,-4.815,-0
0,-4.8133,-0
0,-4.8116,-0
0,-4.81,-0
0,-4.8083,-0
0,-4.8066,-0
0,-4.805,-0
0,-4.8033,-0
0,-4.8016,-0
0,-4.8,-0
0,-4.7983,-0
0,-4.7966,-0
0,-4.795,-0
0,-4.7933,-0
0,-4.7916,-0
0,-4.79,-0
0,-4.7883,-0
0,-4.7866,-0
0,-4.785,-0
0,-4.7833,-0
0,-4.7816,-0
0,-4.78,-0
0,-4.7783,-0
0,-4.7766,-0
0,-4.775,-0
0,-4.7733,-0
0,-4.7716,-0
0,-4.77,-0
0,-4.7683,-0
0,-4.7666,-0
0,-4.765,-0
0,-4.7633,-0
0,-4.7616,-0
0,-4.76,-0
0,-4.7583,-0
0,-4.7566,-0
0,-4.755,-0
0,-4.7533,-0
0,-4.7516,-0
-0,-4.75,0
-0,-4.7483,0
-0,-4.7466,0
-0,-4.745,0
-0,-4.7433,0
-0,-4.7416,0
-0,-4.74,0
-0,-4.7383,0
-0,-4.7366,0
-0,-4.735,0
-0,-4.7333,0
-0,-4.7316,0
-0,-4.73,0
-0,-4.7283,0
-0,-4.7266,0
-0,-4.725,0
-0,-4.7233,0
-0,-4.7216,0
-0,-4.72,0
-0,-4.7183,0
-0,-4.7166,0
-0,-4.715,0
-0,-4.7133,0
-0,-4.7116,0
-0,-4.71,0
-0,-4.7083,0
-0,-4.7066,0
-0,-4.705,0
-0,-4.7033,0
-0,-4.7016,0
-0,-4.6999,0
-0,-4.6983,0
-0,-4.6966,0
-0,-4.6949,0
-0,-4.6933,0
-0,-4.6916,0
-0,-4.6899,0
-0,-4.6883,0
-0,-4.6866,0
-0,-4.6849,0
-0,-4.6833,0
-0,-4.6816,0
-0,-4.6799,0
-0,-4.6783,0
-0,-4.6766,0
-0,-4.6749,0
-0,-4.6733,0
-0,-4.6716,0
-0,-4.6699,0
-0,-4.6683,0
-0,-4.6666,0
-0,-4.6649,0
-0,-4.6633,0
-0,-4.6616,0
-0,-4.6599,0
-0,-4.6583,0
-0,-4.6566,0
-0,-4.6549,0
-0,-4.6533,0
-0,-4.6516,0
-0,-4.6499,0
-0,-4.6483,0
-0,-4.6466,0
-0,-4.6449,0
-0,-4.6433,0
-0,-4.6416,0
-0,-4.6399,0
-0,-4.6383,0
-0,-4.6366,0
-0,-4.6349,0
-0,-4.6333,0
-0,-4.6316,0
-0,-4.6299,0
-0,-4.6283,0
-0,-4.6266,0
0,-4.6249,0
0,-4.6233,0
0,-4.6216,0
0,-4.6199,0
0,-4.6183,0
0,-4.6166,0
0,-4.6149,0
0,-4.6133,0
0,-4.6116,0
0,-4.6099,0
0,-4.6083,0
0,-4.6066,0
0,-4.6049,0
0,-4.6033,0
0,-4.6016,0
0,-4.5999,0
0,-4.5983,0
0,-4.5966,0
0,-4.5949,0
0,-4.5933,0
0,-4.5916,0
0,-4.5899,0
0,-4.5883,0
0,-4.5866,0
0,-4.5849,0
0,-4.5833,0
0,-4.5816,0
0,-4.5799,0
0,-4.5783,0
0,-4.5766,0
0,-4.5749,0
0,-4.5733,0
0,-4.5716,0
0,-4.5699,0
0,-4.5683,0
0,-4.5666,0
0,-4.5649,0
0,-4.5633,0
0,-4.5616,0
0,-4.5599,0
0,-4.5583,0
0,-4.5566,0
0,-4.5549,0
0,-4.5533,0
0,-4.5516,0
0,-4.5499,0
0,-4.5483,0
0,-4.5466,0
0,-4.5449,0
0,-4.5433,0
0,-4.5416,0
0,-4.5399,0
0,-4.5383,0
0,-4.5366,0
0,-4.5349,0
0,-4.5333,0
0,-4.5316,0
0,-4.5299,0
0,-4.5283,0
0,-4.5266,0
0,-4.5249,0
0,-4.5233,0
0,-4.5216,0
0,-4.5199,0
0,-4.5183,0
0,-4.5166,0
0,-4.5149,0
0,-4.5133,0
0,-4.5116,0
0,-4.5099,0
0,-4.5083,0
0,-4.5066,0
0,-4.5049,0
0,-4.5033,0
0,-4.5016,0
0,-4.4999,0
0,-4.4982,0
0,-4.4966,0
0,-4.4949,0
0,-4.4932,0
0,-4.4916,0
0,-4.4899,0
0,-4.4882,0
0,-4.4866,0
0,-4.4849,0
0,-4.4832,0
0,-4.4816,0
0,-4.4799,0
0,-4.4782,0
0,-4.4766,0
0,-4.4749,0
0,-4.4732,0
0,-4.4716,0
0,-4.4699,0
0,-4.4682,0
0,-4.4666,0
0,-4.4649,0
0,-4.4632,0
0,-4.4616,0
0,-4.4599,0
0,-4.4582,0
0,-4.4566,0
0,-4.4549,0
0,-4.4532,0
0,-4.4516,0
0,-4.4499,0
0,-4.4482,0
0,-4.4466,0
0,-4.4449,0
0,-4.4432,0
0,-4.4416,0
0,-4.4399,0
0,-4.4382,0
0,-4.4366,0
0,-4.4349,0
0,-4.4332,0
0,-4.4316,0
0,-4.4299,0
0,-4.4282,0
0,-4.4266,0
0,-4.4249,0
0,-4.4232,0
0,-4.4216,0
0,-4.4199,0
0,-4.4182,0
0,-4.4166,0
0,-4.4149,0
0,-4.4132,0
0,-4.4116,0
0,-4.4099,0
0,-4.4082,0
0,-4.4066,0
0,-4.4049,0
0,-4.4032,0
0,-4.4016,0
0,-4.3999,0
0,-4.3982,0
0,-4.3966,0
0,-4.3949,0
0,-4.3932,0
0,-4.3916,0
0,-4.3899,0
0,-4.3882,0
0,-4.3866,0
0,-4.3849,0
0,-4.3832,0
0,-4.3816,0
0,-4.3799,0
0,-4.3782,0
0,-4.3766,0
0,-4.3749,-0
0,-4.3732,-0
0,-4.3716,-0
0,-4.3699,-0
0,-4.3682,-0
0,-4.3666,-0
0,-4.3649,-0
0,-4.3632,-0
0,-4.3616,-0
0,-4.3599,-0
0,-4.3582,-0
0,-4.3566,-0
0,-4.3549,-0
0,-4.3532,-0
0,-4.3516,-0
0,-4.3499,-0
0,-4.3482,-0
0,-4.3466,-0
0,-4.3449,-0
0,-4.3432,-0
0,-4.3416,-0
0,-4.3399,-0
0,-4.3382,-0
0,-4.3366,-0
0,-4.3349,-0
0,-4.3332,-0
0,-4.3316,-0
0,-4.3299,-0
0,-4.3282,-0
0,-4.3266,-0
0,-4.3249,-0
0,-4.3232,-0
0,-4.3216,-0
0,-4.3199,-0
0,-4.3182,-0
0,-4.3166,-0
0,-4.3149,-0
0,-4.3132,-0
0,-4.3116,-0
0,-4.3099,-0
0,-4.3082,-0
0,-4.3066,-0
0,-4.3049,-0
0,-4.3032,-0
0,-4.3016,-0
0,-4.2999,-0
0,-4.2982,-0
0,-4.2965,-0
0,-4.2949,-0
0,-4.2932,-0
0,-4.2915,-0
0,-4.2899,-0
0,-4.2882,-0
0,-4.2865,-0
0,-4.2849,-0
0,-4.2832,-0
0,-4.2815,-0
0,-4.2799,-0
0,-4.2782,-0
0,-4.2765,-0
0,-4.2749,-0
0,-4.2732,-0
0,-4.2715,-0
0,-4.2699,-0
0,-4.2682,-0
0,-4.2665,-0
0,-4.2649,-0
0,-4.2632,-0
0,-4.2615,-0
0,-4.2599,-0
0,-4.2582,-0
0,-4.2565,-0
0,-4.2549,-0
0,-4.2532,-0
0,-4.2515,-0
-0,-4.2499,0
-0,-4.2482,0
-0,-4.2465,0
-0,-4.2449,0
-0,-4.2432,0
-0,-4.2415,0
-0,-4.2399,0
-0,-4.2382,0
-0,-4.2365,0
-0,-4.2349,0
-0,-4.2332,0
-0,-4.2315,0
-0,-4.2299,0
-0,-4.2282,0
-0,-4.2265,0
-0,-4.2249,0
-0,-4.2232,0
-0,-4.2215,0
-0,-4.2199,0
-0,-4.2182,0
-0,-4.2165,0
-0,-4.2149,0
-0,-4.2132,0
-0,-4.2115,0
-0,-4.2099,0
-0,-4.2082,0
-0,-4.2065,0
-0,-4.2049,0
-0,-4.2032,0
-0,-4.2015,0
-0,-4.1999,0
-0,-4.1982,0
-0,-4.1965,0
-0,-4.1949,0
-0,-4.1932,0
-0,-4.1915,0
-0,-4.1899,0
-0,-4.1882,0
-0,-4.1865,0
-0,-4.1849,0
-0,-4.1832,0
-0,-4.1815,0
-0,-4.1799,0
-0,-4.1782,0
-0,-4.1765,0
-0,-4.1749,0
-0,-4.1732,0
-0,-4.1715,0
-0,-4.1699,0
-0,-4.1682,0
-0,-4.1665,0
-0,-4.1649,0
-0,-4.1632,0
-0,-4.1615,0
-0,-4.1599,0
-0,-4.1582,0
-0,-4.1565,0
-0,-4.1549,0
-0,-4.1532,0
-0,-4.1515,0
-0,-4.1499,0
-0,-4.1482,0
-0,-4.1465,0
-0,-4.1449,0
-0,-4.1432,0
-0,-4.1415,0
-0,-4.1399,0
-0,-4.1382,0
-0,-4.1365,0
-0,-4.1349,0
-0,-4.1332,0
-0,-4.1315,0
-0,-4.1299,0
-0,-4.1282,0
-0,-4.1265,0
0,-4.1249,0
0,-4.1232,0
0,-4.1215,0
0,-4.1199,0
0,-4.1182,0
0,-4.1165,0
0,-4.1149,0
0,-4.1132,0
0,-4.1115,0
0,-4.1099,0
0,-4.1082,0
0,-4.1065,0
0,-4.1049,0
0,-4.1032,0
0,-4.1015,0
0,-4.0998,0
0,-4.0982,0
0,-4.0965,0
0,-4.0948,0
0,-4.0932,0
0,-4.0915,0
0,-4.0898,0
0,-4.0882,0
0,-4.0865,0
0,-4.0848,0
0,-4.0832,0
0,-4.0815,0
0,-4.0798,0
0,-4.0782,0
0,-4.0765,0
0,-4.0748,0
0,-4.0732,0
0,-4.0715,0
0,-4.0698,0
0,-4.0682,0
0,-4.0665,0
0,-4.0648,0
0,-4.0632,0
0,-4.0615,0
0,-4.0598,0
0,-4.0582,0
0,-4.0565,0
0,-4.0548,0
0,-4.0532,0
0,-4.0515,0
0,-4.0498,0
0,-4.0482,0
0,-4.0465,0
0,-4.0448,0
0,-4.0432,0
0,-4.0415,0
0,-4.0398,0
0,-4.0382,0
0,-4.0365,0
0,-4.0348,0
0,-4.0332,0
0,-4.0315,0
0,-4.0298,0
0,-4.0282,0
0,-4.0265,0
0,-4.0248,0
0,-4.0232,0
0,-4.0215,0
0,-4.0198,0
0,-4.0182,0
0,-4.0165,0
0,-4.0148,0
0,-4.0132,0
0,-4.0115,0
0,-4.0098,0
0,-4.0082,0
0,-4.0065,0
0,-4.0048,0
0,-4.0032,0
0,-4.0015,0
0,-3.9998,0
0,-3.9982,0
0,-3.9965,0
0,-3.9948,0
0,-3.9932,0
0,-3.9915,0
0,-3.9898,0
0,-3.9882,0
0,-3.9865,0
0,-3.9848,0
0,-3.9832,0
0,-3.9815,0
0,-3.9798,0
0,-3.9782,0
0,-3.9765,0
0,-3.9748,0
0,-3.9732,0
0,-3.9715,0
0,-3.9698,0
0,-3.9682,0
0,-3.9665,0
0,-3.9648,0
0,-3.9632,0
0,-3.9615,0
0,-3.9598,0
0,-3.9582,0
0,-3.9565,0
0,-3.9548,0
0,-3.9532,0
0,-3.9515,0
0,-3.9498,0
0,-3.9482,0
0,-3.9465,0
0,-3.9448,0
0,-3.9432,0
0,-3.9415,0
0,-3.9398,0
0,-3.9382,0
0,-3.9365,0
0,-3.9348,0
0,-3.9332,0
0,-3.9315,0
0,-3.9298,0
0,-3.9282,0
0,-3.9265,0
0,-3.9248,0
0,-3.9232,0
0,-3.9215,0
0,-3.9198,0
0,-3.9182,0
0,-3.9165,0
0,-3.9148,0
0,-3.9132,0
0,-3.9115,0
0,-3.9098,0
0,-3.9082,0
0,-3.9065,0
0,-3.9048,0
0,-3.9032,0
0,-3.9015,0
0,-3.8998,0
0,-3.8981,0
0,-3.8965,0
0,-3.8948,0
0,-3.8931,0
0,-3.8915,0
0,-3.8898,0
0,-3.8881,0
0,-3.8865,0
0,-3.8848,0
0,-3.8831,0
0,-3.8815,0
0,-3.8798,0
0,-3.8781,0
0,-3.8765,0
0,-3.8748,-0
0,-3.8731,-0
0,-3.8715,-0
0,-3.8698,-0
0,-3.8681,-0
0,-3.8665,-0
0,-3.8648,-0
0,-3.8631,-0
0,-3.8615,-0
0,-3.8598,-0
0,-3.8581,-0
0,-3.8565,-0
0,-3.8548,-0
0,-3.8531,-0
0,-3.8515,-0
0,-3.8498,-0
0,-3.8481,-0
0,-3.8465,-0
0,-3.8448,-0
0,-3.8431,-0
0,-3.8415,-0
0,-3.8398,-0
0,-3.8381,-0
0,-3.8365,-0
0,-3.8348,-0
0,-3.8331,-0
0,-3.8315,-0
0,-3.8298,-0
0,-3.8281,-0
0,-3.8265,-0
0,-3.8248,-0
0,-3.8231,-0
0,-3.8215,-0
0,-3.8198,-0
0,-3.8181,-0
0,-3.8165,-0
0,-3.8148,-0
0,-3.8131,-0
0,-3.8115,-0
0,-3.8098,-0
0,-3.8081,-0
0,-3.8065,-0
0,-3.8048,-0
0,-3.8031,-0
0,-3.8015,-0
0,-3.7998,-0
0,-3.7981,-0
0,-3.7965,-0
0,-3.7948,-0
0,-3.7931,-0
0,-3.7915,-0
0,-3.7898,-0
0,-3.7881,-0
0,-3.7865,-0
0,-3.7848,-0
0,-3.7831,-0
0,-3.7815,-0
0,-3.7798,-0
0,-3.7781,-0
0,-3.7765,-0
0,-3.7748,-0
0,-3.7731,-0
0,-3.7715,-0
0,-3.7698,-0
0,-3.7681,-0
0,-3.7665,-0
0,-3.7648,-0
0,-3.7631,-0
0,-3.7615,-0
0,-3.7598,-0
0,-3.7581,-0
0,-3.7565,-0
0,-3.7548,-0
0,-3.7531,-0
0,-3.7515,-0
-0,-3.7498,0
-0,-3.7481,0
-0,-3.7465,0
-0,-3.7448,0
-0,-3.7431,0
-0,-3.7415,0
-0,-3.7398,0
-0,-3.7381,0
-0,-3.7365,0
-0,-3.7348,0
-0,-3.7331,0
-0,-3.7315,0
-0,-3.7298,0
-0,-3.7281,0
-0,-3.7265,0
-0,-3.7248,0
-0,-3.7231,0
-0,-3.7215,0
-0,-3.7198,0
-0,-3.7181,0
-0,-3.7165,0
-0,-3.7148,0
-0,-3.7131,0
-0,-3.7115,0
-0,-3.7098,0
-0,-3.7081,0
-0,-3.7065,0
-0,-3.7048,0
-0,-3.7031,0
-0,-3.7015,0
-0,-3.6998,0
-0,-3.6981,0
-0,-3.6964,0
-0,-3.6948,0
-0,-3.6931,0
-0,-3.6914,0
-0,-3.6898,0
-0,-3.6881,0
-0,-3.6864,0
-0,-3.6848,0
-0,-3.6831,0
-0,-3.6814,0
-0,-3.6798,0
-0,-3.6781,0
-0,-3.6764,0
-0,-3.6748,0
-0,-3.6731,0
-0,-3.6714,0
-0,-3.6698,0
-0,-3.6681,0
-0,-3.6664,0
-0,-3.6648,0
-0,-3.6631,0
-0,-3.6614,0
-0,-3.6598,0
-0,-3.6581,0
-0,-3.6564,0
-0,-3.6548,0
-0,-3.6531,0
-0,-3.6514,0
-0,-3.6498,0
-0,-3.6481,0
-0,-3.6464,0
-0,-3.6448,0
-0,-3.6431,0
-0,-3.6414,0
-0,-3.6398,0
-0,-3.6381,0
-0,-3.6364,0
-0,-3.6348,0
-0,-3.6331,0
-0,-3.6314,0
-0,-3.6298,0
-0,-3.6281,0
-0,-3.6264,0
0,-3.6248,0
0,-3.6231,0
0,-3.6214,0
0,-3.6198,0
0,-3.6181,0
0,-3.6164,0
0,-3.6148,0
0,-3.6131,0
0,-3.6114,0
0,-3.6098,0
0,-3.6081,0
0,-3.6064,0
0,-3.6048,0
0,-3.6031,0
0,-3.6014,0
0,-3.5998,0
0,-3.5981,0
0,-3.5964,0
0,-3.5948,0
0,-3.5931,0
0,-3.5914,0
0,-3.5898,0
0,-3.5881,0
0,-3.5864,0
0,-3.5848,0
0,-3.5831,0
0,-3.5814,0
0,-3.5798,0
0,-3.5781,0
0,-3.5764,0
0,-3.5748,0
0,-3.5731,0
0,-3.5714,0
0,-3.5698,0
0,-3.5681,0
0,-3.5664,0
0,-3.5648,0
0,-3.5631,0
0,-3.5614,0
0,-3.5598,0
0,-3.5581,0
0,-3.5564,0
0,-3.5548,0
0,-3.5531,0
0,-3.5514,0
0,-3.5498,0
0,-3.5481,0
0,-3.5464,0
0,-3.5448,0
0,-3.5431,0
0,-3.5414,0
0,-3.5398,0
0,-3.5381,0
0,-3.5364,0
0,-3.5348,0
0,-3.5331,0
0,-3.5314,0
0,-3.5298,0
0,-3.5281,0
0,-3.5264,0
0,-3.5248,0
0,-3.5231,0
0,-3.5214,0
0,-3.5198,0
0,-3.5181,0
0,-3.5164,0
0,-3.5148,0
0,-3.5131,0
0,-3.5114,0
0,-3.5098,0
0,-3.5081,0
0,-3.5064,0
0,-3.5048,0
0,-3.5031,0
0,-3.5014,0
0,-3.4997,0
0,-3.4981,0
0,-3.4964,0
0,-3.4947,0
0,-3.4931,0
0,-3.4914,0
0,-3.4897,0
0,-3.4881,0
0,-3.4864,0
0,-3.4847,0
0,-3.4831,0
0,-3.4814,0
0,-3.4797,0
0,-3.4781,0
0,-3.4764,0
0,-3.4747,0
0,-3.4731,0
0,-3.4714,0
0,-3.4697,0
0,-3.4681,0
0,-3.4664,0
0,-3.4647,0
0,-3.4631,0
0,-3.4614,0
0,-3.4597,0
0,-3.4581,0
0,-3.4564,0
0,-3.4547,0
0,-3.4531,0
0,-3.4514,0
0,-3.4497,0
0,-3.4481,0
0,-3.4464,0
0,-3.4447,0
0,-3.4431,0
0,-3.4414,0
0,-3.4397,0
0,-3.4381,0
0,-3.4364,0
0,-3.4347,0
0,-3.4331,0
0,-3.4314,0
0,-3.4297,0
0,-3.4281,0
0,-3.4264,0
0,-3.4247,0
0,-3.4231,0
0,-3.4214,0
0,-3.4197,0
0,-3.4181,0
0,-3.4164,0
0,-3.4147,0
0,-3.4131,0
0,-3.4114,0
0,-3.4097,0
0,-3.4081,0
0,-3.4064,0
0,-3.4047,0
0,-3.4031,0
0,-3.4014,0
0,-3.3997,0
0,-3.3981,0
0,-3.3964,0
0,-3.3947,0
0,-3.3931,0
0,-3.3914,0
0,-3.3897,0
0,-3.3881,0
0,-3.3864,0
0,-3.3847,0
0,-3.3831,0
0,-3.3814,0
0,-3.3797,0
0,-3.3781,0
0,-3.3764,0
0,-3.3747,-0
0,-3.3731,-0
0,-3.3714,-0
0,-3.3697,-0
0,-3.3681,-0
0,-3.3664,-0
0,-3.3647,-0
0,-3.3631,-0
0,-3.3614,-0
0,-3.3597,-0
0,-3.3581,-0
0,-3.3564,-0
0,-3.3547,-0
0,-3.3531,-0
0,-3.3514,-0
0,-3.3497,-0
0,-3.3481,-0
0,-3.3464,-0
0,-3.3447,-0
0,-3.3431,-0
0,-3.3414,-0
0,-3.3397,-0
0,-3.3381,-0
0,-3.3364,-0
0,-3.3347,-0
0,-3.3331,-0
0,-3.3314,-0
0,-3.3297,-0
0,-3.3281,-0
0,-3.3264,-0
0,-3.3247,-0
0,-3.3231,-0
0,-3.3214,-0
0,-3.3197,-0
0,-3.3181,-0
0,-3.3164,-0
0,-3.3147,-0
0,-3.3131,-0
0,-3.3114,-0
0,-3.3097,-0
0,-3.3081,-0
0,-3.3064,-0
0,-3.3047,-0
0,-3.3031,-0
0,-3.3014,-0
0,-3.2997,-0
0,-3.298,-0
0,-3.2964,-0
0,-3.2947,-0
0,-3.293,-0
0,-3.2914,-0
0,-3.2897,-0
0,-3.288,-0
0,-3.2864,-0
0,-3.2847,-0
0,-3.283,-0
0,-3.2814,-0
0,-3.2797,-0
0,-3.278,-0
0,-3.2764,-0
0,-3.2747,-0
0,-3.273,-0
0,-3.2714,-0
0,-3.2697,-0
0,-3.268,-0
0,-3.2664,-0
0,-3.2647,-0
0,-3.263,-0
0,-3.2614,-0
0,-3.2597,-0
0,-3.258,-0
0,-3.2564,-0
0,-3.2547,-0
0,-3.253,-0
0,-3.2514,-0
-0,-3.2497,0
-0,-3.248,0
-0,-3.2464,0
-0,-3.2447,0
-0,-3.243,0
-0,-3.2414,0
-0,-3.2397,0
-0,-3.238,0
-0,-3.2364,0
-0,-3.2347,0
-0,-3.233,0
-0,-3.2314,0
-0,-3.2297,0
-0,-3.228,0
-0,-3.2264,0
-0,-3.2247,0
-0,-3.223,0
-0,-3.2214,0
-0,-3.2197,0
-0,-3.218,0
-0,-3.2164,0
-0,-3.2147,0
-0,-3.213,0
-0,-3.2114,0
-0,-3.2097,0
-0,-3.208,0
-0,-3.2064,0
-0,-3.2047,0
-0,-3.203,0
-0,-3.2014,0
-0,-3.1997,0
-0,-3.198,0
-0,-3.1964,0
-0,-3.1947,0
-0,-3.193,0
-0,-3.1914,0
-0,-3.1897,0
-0,-3.188,0
-0,-3.1864,0
-0,-3.1847,0
-0,-3.183,0
-0,-3.1814,0
-0,-3.1797,0
-0,-3.178,0
-0,-3.1764,0
-0,-3.1747,0
-0,-3.173,0
-0,-3.1714,0
-0,-3.1697,0
-0,-3.168,0
-0,-3.1664,0
-0,-3.1647,0
-0,-3.163,0
-0,-3.1614,0
-0,-3.1597,0
-0,-3.158,0
-0,-3.1564,0
-0,-3.1547,0
-0,-3.153,0
-0,-3.1514,0
-0,-3.1497,0
-0,-3.148,0
-0,-3.1464,0
-0,-3.1447,0
-0,-3.143,0
-0,-3.1414,0
-0,-3.1397,0
-0,-3.138,0
-0,-3.1364,0
-0,-3.1347,0
-0,-3.133,0
-0,-3.1314,0
-0,-3.1297,0
-0,-3.128,0
-0,-3.1264,0
0,-3.1247,0
0,-3.123,0
0,-3.1214,0
0,-3.1197,0
0,-3.118,0
0,-3.1164,0
0,-3.1147,0
0,-3.113,0
0,-3.1114,0
0,-3.1097,0
0,-3.108,0
0,-3.1064,0
0,-3.1047,0
0,-3.103,0
0,-3.1014,0
0,-3.0997,0
0,-3.098,0
0,-3.0963,0
0,-3.0947,0
0,-3.093,0
0,-3.0913,0
0,-3.0897,0
0,-3.088,0
0,-3.0863,0
0,-3.0847,0
0,-3.083,0
0,-3.0813,0
0,-3.0797,0
0,-3.078,0
0,-3.0763,0
0,-3.0747,0
0,-3.073,0
0,-3.0713,0
0,-3.0697,0
0,-3.068,0
0,-3.0663,0
0,-3.0647,0
0,-3.063,0
0,-3.0613,0
0,-3.0597,0
0,-3.058,0
0,-3.0563,0
0,-3.0547,0
0,-3.053,0
0,-3.0513,0
0,-3.0497,0
0,-3.048,0
0,-3.0463,0
0,-3.0447,0
0,-3.043,0
0,-3.0413,0
0,-3.0397,0
0,-3.038,0
0,-3.0363,0
0,-3.0347,0
0,-3.033,0
0,-3.0313,0
0,-3.0297,0
0,-3.028,0
0,-3.0263,0
0,-3.0247,0
0,-3.023,0
0,-3.0213,0
0,-3.0197,0
0,-3.018,0
0,-3.0163,0
0,-3.0147,0
0,-3.013,0
0,-3.0113,0
0,-3.0097,0
0,-3.008,0
0,-3.0063,0
0,-3.0047,0
0,-3.003,0
0,-3.0013,0
0,-2.9997,0
0,-2.998,0
0,-2.9963,0
0,-2.9947,0
0,-2.993,0
0,-2.9913,0
0,-2.9897,0
0,-2.988,0
0,-2.9863,0
0,-2.9847,0
0,-2.983,0
0,-2.9813,0
0,-2.9797,0
0,-2.978,0
0,-2.9763,0
0,-2.9747,0
0,-2.973,0
0,-2.9713,0
0,-2.9697,0
0,-2.968,0
0,-2.9663,0
0,-2.9647,0
0,-2.963,0
0,-2.9613,0
0,-2.9597,0
0,-2.958,0
0,-2.9563,0
0,-2.9547,0
0,-2.953,0
0,-2.9513,0
0,-2.9497,0
0,-2.948,0
0,-2.9463,0
0,-2.9447,0
0,-2.943,0
0,-2.9413,0
0,-2.9397,0
0,-2.938,0
0,-2.9363,0
0,-2.9347,0
0,-2.933,0
0,-2.9313,0
0,-2.9297,0
0,-2.928,0
0,-2.9263,0
0,-2.9247,0
0,-2.923,0
0,-2.9213,0
0,-2.9197,0
0,-2.918,0
0,-2.9163,0
0,-2.9147,0
0,-2.913,0
0,-2.9113,0
0,-2.9097,0
0,-2.908,0
0,-2.9063,0
0,-2.9047,0
0,-2.903,0
0,-2.9013,0
0,-2.8996,0
0,-2.898,0
0,-2.8963,0
0,-2.8946,0
0,-2.893,0
0,-2.8913,0
0,-2.8896,0
0,-2.888,0
0,-2.8863,0
0,-2.8846,0
0,-2.883,0
0,-2.8813,0
0,-2.8796,0
0,-2.878,0
0,-2.8763,0
0,-2.8746,-0
0,-2.873,-0
0,-2.8713,-0
0,-2.8696,-0
0,-2.868,-0
0,-2.8663,-0
0,-2.8646,-0
0,-2.863,-0
0,-2.8613,-0
0,-2.8596,-0
0,-2.858,-0
0,-2.8563,-0
0,-2.8546,-0
0,-2.853,-0
0,-2.8513,-0
0,-2.8496,-0
0,-2.848,-0
0,-2.8463,-0
0,-2.8446,-0
0,-2.843,-0
0,-2.8413,-0
0,-2.8396,-0
0,-2.838,-0
0,-2.8363,-0
0,-2.8346,-0
0,-2.833,-0
0,-2.8313,-0
0,-2.8296,-0
0,-2.828,-0
0,-2.8263,-0
0,-2.8246,-0
0,-2.823,-0
0,-2.8213,-0
0,-2.8196,-0
0,-2.818,-0
0,-2.8163,-0
0,-2.8146,-0
0,-2.813,-0
0,-2.8113,-0
0,-2.8096,-0
0,-2.808,-0
0,-2.8063,-0
0,-2.8046,-0
0,-2.803,-0
0,-2.8013,-0
0,-2.7996,-0
0,-2.798,-0
0,-2.7963,-0
0,-2.7946,-0
0,-2.793,-0
0,-2.7913,-0
0,-2.7896,-0
0,-2.788,-0
0,-2.7863,-0
0,-2.7846,-0
0,-2.783,-0
0,-2.7813,-0
0,-2.7796,-0
0,-2.778,-0
0,-2.7763,-0
0,-2.7746,-0
0,-2.773,-0
0,-2.7713,-0
0,-2.7696,-0
0,-2.768,-0
0,-2.7663,-0
0,-2.7646,-0
0,-2.763,-0
0,-2.7613,-0
0,-2.7596,-0
0,-2.758,-0
0,-2.7563,-0
0,-2.7546,-0
0,-2.753,-0
0,-2.7513,-0
-0,-2.7496,0
-0,-2.748,0
-0,-2.7463,0
-0,-2.7446,0
-0,-2.743,0
-0,-2.7413,0
-0,-2.7396,0
-0,-2.738,0
-0,-2.7363,0
-0,-2.7346,0
-0,-2.733,0
-0,-2.7313,0
-0,-2.7296,0
-0,-2.728,0
-0,-2.7263,0
-0,-2.7246,0
-0,-2.723,0
-0,-2.7213,0
-0,-2.7196,0
-0,-2.718,0
-0,-2.7163,0
-0,-2.7146,0
-0,-2.713,0
-0,-2.7113,0
-0,-2.7096,0
-0,-2.708,0
-0,-2.7063,0
-0,-2.7046,0
-0,-2.703,0
-0,-2.7013,0
-0,-2.6996,0
-0,-2.6979,0
-0,-2.6963,0
-0,-2.6946,0
-0,-2.6929,0
-0,-2.6913,0
-0,-2.6896,0
-0,-2.6879,0
-0,-2.6863,0
-0,-2.6846,0
-0,-2.6829,0
-0,-2.6813,0
-0,-2.6796,0
-0,-2.6779,0
-0,-2.6763,0
-0,-2.6746,0
-0,-2.6729,0
-0,-2.6713,0
-0,-2.6696,0
-0,-2.6679,0
-0,-2.6663,0
-0,-2.6646,0
-0,-2.6629,0
-0,-2.6613,0
-0,-2.6596,0
-0,-2.6579,0
-0,-2.6563,0
-0,-2.6546,0
-0,-2.6529,0
-0,-2.6513,0
-0,-2.6496,0
-0,-2.6479,0
-0,-2.6463,0
-0,-2.6446,0
-0,-2.6429,0
-0,-2.6413,0
-0,-2.6396,0
-0,-2.6379,0
-0,-2.6363,0
-0,-2.6346,0
-0,-2.6329,0
-0,-2.6313,0
-0,-2.6296,0
-0,-2.6279,0
-0,-2.6263,0
0,-2.6246,0
0,-2.6229,0
0,-2.6213,0
0,-2.6196,0
0,-2.6179,0
0,-2.6163,0
0,-2.6146,0
0,-2.6129,0
0,-2.6113,0
0,-2.6096,0
0,-2.6079,0
0,-2.6063,0
0,-2.6046,0
0,-2.6029,0
0,-2.6013,0
0,-2.5996,0
0,-2.5979,0
0,-2.5963,0
0,-2.5946,0
0,-2.5929,0
0,-2.5913,0
0,-2.5896,0
0,-2.5879,0
0,-2.5863,0
0,-2.5846,0
0,-2.5829,0
0,-2.5813,0
0,-2.5796,0
0,-2.5779,0
0,-2.5763,0
0,-2.5746,0
0,-2.5729,0
0,-2.5713,0
0,-2.5696,0
0,-2.5679,0
0,-2.5663,0
0,-2.5646,0
0,-2.5629,0
0,-2.5613,0
0,-2.5596,0
0,-2.5579,0
0,-2.5563,0
0,-2.5546,0
0,-2.5529,0
0,-2.5513,0
0,-2.5496,0
0,-2.5479,0
0,-2.5463,0
0,-2.5446,0
0,-2.5429,0
0,-2.5413,0
0,-2.5396,0
0,-2.5379,0
0,-2.5363,0
0,-2.5346,0
0,-2.5329,0
0,-2.5313,0
0,-2.5296,0
0,-2.5279,0
0,-2.5263,0
0,-2.5246,0
0,-2.5229,0
0,-2.5213,0
0,-2.5196,0
0,-2.5179,0
0,-2.5163,0
0,-2.5146,0
0,-2.5129,0
0,-2.5113,0
0,-2.5096,0
0,-2.5079,0
0,-2.5063,0
0,-2.5046,0
0,-2.5029,0
0,-2.5013,0
0,-2.4996,0
0,-2.4979,0
0,-2.4962,0
0,-2.4946,0
0,-2.4929,0
0,-2.4912,0
0,-2.4896,0
0,-2.4879,0
0,-2.4862,0
0,-2.4846,0
0,-2.4829,0
0,-2.4812,0
0,-2.4796,0
0,-2.4779,0
0,-2.4762,0
0,-2.4746,0
0,-2.4729,0
0,-2.4712,0
0,-2.4696,0
0,-2.4679,0
0,-2.4662,0
0,-2.4646,0
0,-2.4629,0
0,-2.4612,0
0,-2.4596,0
0,-2.4579,0
0,-2.4562,0
0,-2.4546,0
0,-2.4529,0
0,-2.4512,0
0,-2.4496,0
0,-2.4479,0
0,-2.4462,0
0,-2.4446,0
0,-2.4429,0
0,-2.4412,0
0,-2.4396,0
0,-2.4379,0
0,-2.4362,0
0,-2.4346,0
0,-2.4329,0
0,-2.4312,0
0,-2.4296,0
0,-2.4279,0
0,-2.4262,0
0,-2.4246,0
0,-2.4229,0
0,-2.4212,0
0,-2.4196,0
0,-2.4179,0
0,-2.4162,0
0,-2.4146,0
0,-2.4129,0
0,-2.4112,0
0,-2.4096,0
0,-2.4079,0
0,-2.4062,0
0,-2.4046,0
0,-2.4029,0
0,-2.4012,0
0,-2.3996,0
0,-2.3979,0
0,-2.3962,0
0,-2.3946,0
0,-2.3929,0
0,-2.3912,0
0,-2.3896,0
0,-2.3879,0
0,-2.3862,0
0,-2.3846,0
0,-2.3829,0
0,-2.3812,0
0,-2.3796,0
0,-2.3779,0
0,-2.3762,0
0,-2.3746,-0
0,-2.3729,-0
0,-2.3712,-0
0,-2.3696,-0
0,-2.3679,-0
0,-2.3662,-0
0,-2.3646,-0
0,-2.3629,-0
0,-2.3612,-0
0,-2.3596,-0
0,-2.3579,-0
0,-2.3562,-0
0,-2.3546,-0
0,-2.3529,-0
0,-2.3512,-0
0,-2.3496,-0
0,-2.3479,-0
0,-2.3462,-0
0,-2.3446,-0
0,-2.3429,-0
0,-2.3412,-0
0,-2.3396,-0
0,-2.3379,-0
0,-2.3362,-0
0,-2.3346,-0
0,-2.3329,-0
0,-2.3312,-0
0,-2.3296,-0
0,-2.3279,-0
0,-2.3262,-0
0,-2.3246,-0
0,-2.3229,-0
0,-2.3212,-0
0,-2.3196,-0
0,-2.3179,-0
0,-2.3162,-0
0,-2.3146,-0
0,-2.3129,-0
0,-2.3112,-0
0,-2.3096,-0
0,-2.3079,-0
0,-2.3062,-0
0,-2.3046,-0
0,-2.3029,-0
0,-2.3012,-0
0,-2.2995,-0
0,-2.2979,-0
0,-2.2962,-0
0,-2.2945,-0
0,-2.2929,-0
0,-2.2912,-0
0,-2.2895,-0
0,-2.2879,-0
0,-2.2862,-0
0,-2.2845,-0
0,-2.2829,-0
0,-2.2812,-0
0,-2.2795,-0
0,-2.2779,-0
0,-2.2762,-0
0,-2.2745,-0
0,-2.2729,-0
0,-2.2712,-0
0,-2.2695,-0
0,-2.2679,-0
0,-2.2662,-0
0,-2.2645,-0
0,-2.2629,-0
0,-2.2612,-0
0,-2.2595,-0
0,-2.2579,-0
0,-2.2562,-0
0,-2.2545,-0
0,-2.2529,-0
0,-2.2512,-0
-0,-2.2495,0
-0,-2.2479,0
-0,-2.2462,0
-0,-2.2445,0
-0,-2.2429,0
-0,-2.2412,0
-0,-2.2395,0
-0,-2.2379,0
-0,-2.2362,0
-0,-2.2345,0
-0,-2.2329,0
-0,-2.2312,0
-0,-2.2295,0
-0,-2.2279,0
-0,-2.2262,0
-0,-2.2245,0
-0,-2.2229,0
-0,-2.2212,0
-0,-2.2195,0
-0,-2.2179,0
-0,-2.2162,0
-0,-2.2145,0
-0,-2.2129,0
-0,-2.2112,0
-0,-2.2095,0
-0,-2.2079,0
-0,-2.2062,0
-0,-2.2045,0
-0,-2.2029,0
-0,-2.2012,0
-0,-2.1995,0
-0,-2.1979,0
-0,-2.1962,0
-0,-2.1945,0
-0,-2.1929,0
-0,-2.1912,0
-0,-2.1895,0
-0,-2.1879,0
-0,-2.1862,0
-0,-2.1845,0
-0,-2.1829,0
-0,-2.1812,0
-0,-2.1795,0
-0,-2.1779,0
-0,-2.1762,0
-0,-2.1745,0
-0,-2.1729,0
-0,-2.1712,0
-0,-2.1695,0
-0,-2.1679,0
-0,-2.1662,0
-0,-2.1645,0
-0,-2.1629,0
-0,-2.1612,0
-0,-2.1595,0
-0,-2.1579,0
-0,-2.1562,0
-0,-2.1545,0
-0,-2.1529,0
-0,-2.1512,0
-0,-2.1495,0
-0,-2.1479,0
-0,-2.1462,0
-0,-2.1445,0
-0,-2.1429,0
-0,-2.1412,0
-0,-2.1395,0
-0,-2.1379,0
-0,-2.1362,0
-0,-2.1345,0
-0,-2.1329,0
-0,-2.1312,0
-0,-2.1295,0
-0,-2.1279,0
-0,-2.1262,0
0,-2.1245,0
0,-2.1229,0
0,-2.1212,0
0,-2.1195,0
0,-2.1179,0
0,-2.1162,0
0,-2.1145,0
0,-2.1129,0
0,-2.1112,0
0,-2.1095,0
0,-2.1079,0
0,-2.1062,0
0,-2.1045,0
0,-2.1029,0
0,-2.1012,0
0,-2.0995,0
0,-2.0978,0
0,-2.0962,0
0,-2.0945,0
0,-2.0928,0
0,-2.0912,0
0,-2.0895,0
0,-2.0878,0
0,-2.0862,0
0,-2.0845,0
0,-2.0828,0
0,-2.0812,0
0,-2.0795,0
0,-2.0778,0
0,-2.0762,0
0,-2.0745,0
0,-2.0728,0
0,-2.0712,0
0,-2.0695,0
0,-2.0678,0
0,-2.0662,0
0,-2.0645,0
0,-2.0628,0
0,-2.0612,0
0,-2.0595,0
0,-2.0578,0
0,-2.0562,0
0,-2.0545,0
0,-2.0528,0
0,-2.0512,0
0,-2.0495,0
0,-2.0478,0
0,-2.0462,0
0,-2.0445,0
0,-2.0428,0
0,-2.0412,0
0,-2.0395,0
0,-2.0378,0
0,-2.0362,0
0,-2.0345,0
0,-2.0328,0
0,-2.0312,0
0,-2.0295,0
0,-2.0278,0
0,-2.0262,0
0,-2.0245,0
0,-2.0228,0
0,-2.0212,0
0,-2.0195,0
0,-2.0178,0
0,-2.0162,0
0,-2.0145,0
0,-2.0128,0
0,-2.0112,0
0,-2.0095,0
0,-2.0078,0
0,-2.0062,0
0,-2.0045,0
0,-2.0028,0
0,-2.0012,0
0,-1.9995,0
0,-1.9978,0
0,-1.9962,0
0,-1.9945,0
0,-1.9928,0
0,-1.9912,0
0,-1.9895,0
0,-1.9878,0
0,-1.9862,0
0,-1.9845,0
0,-1.9828,0
0,-1.9812,0
0,-1.9795,0
0,-1.9778,0
0,-1.9762,0
0,-1.9745,0
0,-1.9728,0
0,-1.9712,0
0,-1.9695,0
0,-1.9678,0
0,-1.9662,0
0,-1.9645,0
0,-1.9628,0
0,-1.9612,0
0,-1.9595,0
0,-1.9578,0
0,-1.9562,0
0,-1.9545,0
0,-1.9528,0
0,-1.9512,0
0,-1.9495,0
0,-1.9478,0
0,-1.9462,0
0,-1.9445,0
0,-1.9428,0
0,-1.9412,0
0,-1.9395,0
0,-1.9378,0
0,-1.9362,0
0,-1.9345,0
0,-1.9328,0
0,-1.9312,0
0,-1.9295,0
0,-1.9278,0
0,-1.9262,0
0,-1.9245,0
0,-1.9228,0
0,-1.9212,0
0,-1.9195,0
0,-1.9178,0
0,-1.9162,0
0,-1.9145,0
0,-1.9128,0
0,-1.9112,0
0,-1.9095,0
0,-1.9078,0
0,-1.9062,0
0,-1.9045,0
0,-1.9028,0
0,-1.9012,0
0,-1.8995,0
0,-1.8978,0
0,-1.8961,0
0,-1.8945,0
0,-1.8928,0
0,-1.8911,0
0,-1.8895,0
0,-1.8878,0
0,-1.8861,0
0,-1.8845,0
0,-1.8828,0
0,-1.8811,0
0,-1.8795,0
0,-1.8778,0
0,-1.8761,0
0,-1.8745,-0
0,-1.8728,-0
0,-1.8711,-0
0,-1.8695,-0
0,-1.8678,-0
0,-1.8661,-0
0,-1.8645,-0
0,-1.8628,-0
0,-1.8611,-0
0,-1.8595,-0
0,-1.8578,-0
0,-1.8561,-0
0,-1.8545,-0
0,-1.8528,-0
0,-1.8511,-0
0,-1.8495,-0
0,-1.8478,-0
0,-1.8461,-0
0,-1.8445,-0
0,-1.8428,-0
0,-1.8411,-0
0,-1.8395,-0
0,-1.8378,-0
0,-1.8361,-0
0,-1.8345,-0
0,-1.8328,-0
0,-1.8311,-0
0,-1.8295,-0
0,-1.8278,-0
0,-1.8261,-0
0,-1.8245,-0
0,-1.8228,-0
0,-1.8211,-0
0,-1.8195,-0
0,-1.8178,-0
0,-1.8161,-0
0,-1.8145,-0
0,-1.8128,-0
0,-1.8111,-0
0,-1.8095,-0
0,-1.8078,-0
0,-1.8061,-0
0,-1.8045,-0
0,-1.8028,-0
0,-1.8011,-0
0,-1.7995,-0
0,-1.7978,-0
0,-1.7961,-0
0,-1.7945,-0
0,-1.7928,-0
0,-1.7911,-0
0,-1.7895,-0
0,-1.7878,-0
0,-1.7861,-0
0,-1.7845,-0
0,-1.7828,-0
0,-1.7811,-0
0,-1.7795,-0
0,-1.7778,-0
0,-1.7761,-0
0,-1.7745,-0
0,-1.7728,-0
0,-1.7711,-0
0,-1.7695,-0
0,-1.7678,-0
0,-1.7661,-0
0,-1.7645,-0
0,-1.7628,-0
0,-1.7611,-0
0,-1.7595,-0
0,-1.7578,-0
0,-1.7561,-0
0,-1.7545,-0
0,-1.7528,-0
0,-1.7511,-0
-0,-1.7495,0
-0,-1.7478,0
-0,-1.7461,0
-0,-1.7445,0
-0,-1.7428,0
-0,-1.7411,0
-0,-1.7395,0
-0,-1.7378,0
-0,-1.7361,0
-0,-1.7345,0
-0,-1.7328,0
-0,-1.7311,0
-0,-1.7295,0
-0,-1.7278,0
-0,-1.7261,0
-0,-1.7245,0
-0,-1.7228,0
-0,-1.7211,0
-0,-1.7195,0
-0,-1.7178,0
-0,-1.7161,0
-0,-1.7145,0
-0,-1.7128,0
-0,-1.7111,0
-0,-1.7095,0
-0,-1.7078,0
-0,-1.7061,0
-0,-1.7045,0
-0,-1.7028,0
-0,-1.7011,0
-0,-1.6994,0
-0,-1.6978,0
-0,-1.6961,0
-0,-1.6944,0
-0,-1.6928,0
-0,-1.6911,0
-0,-1.6894,0
-0,-1.6878,0
-0,-1.6861,0
-0,-1.6844,0
-0,-1.6828,0
-0,-1.6811,0
-0,-1.6794,0
-0,-1.6778,0
-0,-1.6761,0
-0,-1.6744,0
-0,-1.6728,0
-0,-1.6711,0
-0,-1.6694,0
-0,-1.6678,0
-0,-1.6661,0
-0,-1.6644,0
-0,-1.6628,0
-0,-1.6611,0
-0,-1.6594,0
-0,-1.6578,0
-0,-1.6561,0
-0,-1.6544,0
-0,-1.6528,0
-0,-1.6511,0
-0,-1.6494,0
-0,-1.6478,0
-0,-1.6461,0
-0,-1.6444,0
-0,-1.6428,0
-0,-1.6411,0
-0,-1.6394,0
-0,-1.6378,0
-0,-1.6361,0
-0,-1.6344,0
-0,-1.6328,0
-0,-1.6311,0
-0,-1.6294,0
-0,-1.6278,0
-0,-1.6261,0
0,-1.6244,0
0,-1.6228,0
0,-1.6211,0
0,-1.6194,0
0,-1.6178,0
0,-1.6161,0
0,-1.6144,0
0,-1.6128,0
0,-1.6111,0
0,-1.6094,0
0,-1.6078,0
0,-1.6061,0
0,-1.6044,0
0,-1.6028,0
0,-1.6011,0
0,-1.5994,0
0,-1.5978,0
0,-1.5961,0
0,-1.5944,0
0,-1.5928,0
0,-1.5911,0
0,-1.5894,0
0,-1.5878,0
0,-1.5861,0
0,-1.5844,0
0,-1.5828,0
0,-1.5811,0
0,-1.5794,0
0,-1.5778,0
0,-1.5761,0
0,-1.5744,0
0,-1.5728,0
0,-1.5711,0
0,-1.5694,0
0,-1.5678,0
0,-1.5661,0
0,-1.5644,0
0,-1.5628,0
0,-1.5611,0
0,-1.5594,0
0,-1.5578,0
0,-1.5561,0
0,-1.5544,0
0,-1.5528,0
0,-1.5511,0
0,-1.5494,0
0,-1.5478,0
0,-1.5461,0
0,-1.5444,0
0,-1.5428,0
0,-1.5411,0
0,-1.5394,0
0,-1.5378,0
0,-1.5361,0
0,-1.5344,0
0,-1.5328,0
0,-1.5311,0
0,-1.5294,0
0,-1.5278,0
0,-1.5261,0
0,-1.5244,0
0,-1.5228,0
0,-1.5211,0
0,-1.5194,0
0,-1.5178,0
0,-1.5161,0
0,-1.5144,0
0,-1.5128,0
0,-1.5111,0
0,-1.5094,0
0,-1.5078,0
0,-1.5061,0
0,-1.5044,0
0,-1.5028,0
0,-1.5011,0
0.99997,-1.4994,-0.0073315
0.9996,-1.4977,-0.028275
0.99879,-1.4961,-0.049207
0.99754,-1.4944,-0.070116
0.99585,-1.4927,-0.090995
0.99373,-1.4911,-0.11183
0.99117,-1.4894,-0.13262
0.98817,-1.4877,-0.15336
0.98474,-1.4861,-0.17402
0.98088,-1.4844,-0.19461
0.97659,-1.4827,-0.21511
0.97187,-1.4811,-0.23552
0.96672,-1.4794,-0.25582
0.96115,-1.4777,-0.27602
0.95516,-1.4761,-0.29609
0.94875,-1.4744,-0.31603
0.94192,-1.4727,-0.33583
0.93468,-1.4711,-0.35549
0.92703,-1.4694,-0.37499
0.91897,-1.4677,-0.39432
0.91051,-1.4661,-0.41349
0.90165,-1.4644,-0.43247
0.89239,-1.4627,-0.45126
0.88275,-1.4611,-0.46985
0.87271,-1.4594,-0.48824
0.86229,-1.4577,-0.50641
0.8515,-1.4561,-0.52436
0.84033,-1.4544,-0.54208
0.82879,-1.4527,-0.55956
0.81688,-1.4511,-0.5768
0.80462,-1.4494,-0.59379
0.79201,-1.4477,-0.61051
0.77905,-1.4461,-0.62696
0.76575,-1.4444,-0.64314
0.75211,-1.4427,-0.65904
0.73814,-1.4411,-0.67465
0.72384,-1.4394,-0.68996
0.70923,-1.4377,-0.70497
0.69431,-1.4361,-0.71968
0.67908,-1.4344,-0.73406
0.66356,-1.4327,-0.74812
0.64774,-1.4311,-0.76186
0.63164,-1.4294,-0.77526
0.61527,-1.4277,-0.78832
0.59862,-1.4261,-0.80103
0.58171,-1.4244,-0.8134
0.56455,-1.4227,-0.8254
0.54713,-1.4211,-0.83705
0.52948,-1.4194,-0.84832
0.51159,-1.4177,-0.85923
0.49349,-1.4161,-0.86975
0.47516,-1.4144,-0.8799
0.45662,-1.4127,-0.88966
0.43789,-1.4111,-0.89903
0.41896,-1.4094,-0.908
0.39985,-1.4077,-0.91658
0.38057,-1.4061,-0.92475
0.36111,-1.4044,-0.93252
0.3415,-1.4027,-0.93988
0.32174,-1.4011,-0.94683
0.30184,-1.3994,-0.95336
0.2818,-1.3977,-0.95947
0.26164,-1.3961,-0.96516
0.24137,-1.3944,-0.97043
0.22099,-1.3927,-0.97528
0.20051,-1.3911,-0.97969
0.17995,-1.3894,-0.98368
0.1593,-1.3877,-0.98723
0.13859,-1.3861,-0.99035
0.11782,-1.3844,-0.99304
0.096991,-1.3827,-0.99529
0.076123,-1.3811,-0.9971
0.055221,-1.3794,-0.99847
0.034295,-1.3777,-0.99941
0.013354,-1.3761,-0.99991
-0.0075934,-1.3744,-0.99997
-0.028537,-1.3727,-0.99959
-0.049468,-1.3711,-0.99878
-0.070378,-1.3694,-0.99752
-0.091256,-1.3677,-0.99583
-0.11209,-1.3661,-0.9937
-0.13288,-1.3644,-0.99113
-0.15361,-1.3627,-0.98813
-0.17428,-1.3611,-0.9847
-0.19487,-1.3594,-0.98083
-0.21537,-1.3577,-0.97653
-0.23577,-1.3561,-0.97181
-0.25608,-1.3544,-0.96666
-0.27627,-1.3527,-0.96108
-0.29634,-1.3511,-0.95508
-0.31628,-1.3494,-0.94867
-0.33608,-1.3477,-0.94183
-0.35573,-1.3461,-0.93459
-0.37523,-1.3444,-0.92693
-0.39457,-1.3427,-0.91887
-0.41373,-1.3411,-0.9104
-0.4327,-1.3394,-0.90154
-0.45149,-1.3377,-0.89227
-0.47008,-1.3361,-0.88262
-0.48847,-1.3344,-0.87258
-0.50664,-1.3327,-0.86216
-0.52458,-1.3311,-0.85136
-0.5423,-1.3294,-0.84018
-0.55978,-1.3277,-0.82864
-0.57702,-1.3261,-0.81673
-0.594,-1.3244,-0.80447
-0.61072,-1.3227,-0.79185
-0.62717,-1.3211,-0.77888
-0.64334,-1.3194,-0.76558
-0.65924,-1.3177,-0.75193
-0.67484,-1.3161,-0.73796
-0.69015,-1.3144,-0.72366
-0.70516,-1.3127,-0.70905
-0.71986,-1.3111,-0.69412
-0.73424,-1.3094,-0.67889
-0.7483,-1.3077,-0.66336
-0.76203,-1.3061,-0.64754
-0.77542,-1.3044,-0.63144
-0.78848,-1.3027,-0.61506
-0.80119,-1.3011,-0.59841
-0.81355,-1.2994,-0.5815
-0.82555,-1.2977,-0.56433
-0.83719,-1.296,-0.54691
-0.84846,-1.2944,-0.52926
-0.85936,-1.2927,-0.51137
-0.86988,-1.291,-0.49326
-0.88002,-1.2894,-0.47493
-0.88978,-1.2877,-0.45639
-0.89914,-1.286,-0.43765
-0.90811,-1.2844,-0.41873
-0.91668,-1.2827,-0.39961
-0.92485,-1.281,-0.38032
-0.93262,-1.2794,-0.36087
-0.93997,-1.2777,-0.34125
-0.94691,-1.276,-0.32149
-0.95344,-1.2744,-0.30159
-0.95955,-1.2727,-0.28155
-0.96523,-1.271,-0.26139
-0.9705,-1.2694,-0.24111
-0.97533,-1.2677,-0.22073
-0.97974,-1.266,-0.20026
-0.98372,-1.2644,-0.17969
-0.98727,-1.2627,-0.15905
-0.99039,-1.261,-0.13833
-0.99307,-1.2594,-0.11756
-0.99531,-1.2577,-0.09673
-0.99712,-1.256,-0.075862
-0.99849,-1.2544,-0.054959
-0.99942,-1.2527,-0.034033
-0.99991,-1.251,-0.013092
-0.99997,-1.2494,0.0078552
-0.99959,-1.2477,0.028799
-0.99876,-1.246,0.04973
-0.9975,-1.2444,0.070639
-0.9958,-1.2427,0.091517
-0.99367,-1.241,0.11235
-0.9911,-1.2394,0.13314
-0.98809,-1.2377,0.15387
-0.98465,-1.236,0.17454
-0.98078,-1.2344,0.19512
-0.97648,-1.2327,0.21562
-0.97175,-1.231,0.23603
-0.96659,-1.2294,0.25633
-0.96101,-1.2277,0.27652
-0.95501,-1.226,0.29659
-0.94858,-1.2244,0.31653
-0.94175,-1.2227,0.33633
-0.93449,-1.221,0.35598
-0.92683,-1.2194,0.37548
-0.91876,-1.2177,0.39481
-0.91029,-1.216,0.41396
-0.90142,-1.2144,0.43294
-0.89216,-1.2127,0.45173
-0.8825,-1.211,0.47031
-0.87245,-1.2094,0.4887
-0.86203,-1.2077,0.50686
-0.85122,-1.206,0.52481
-0.84004,-1.2044,0.54252
-0.82849,-1.2027,0.56
-0.81658,-1.201,0.57723
-0.80431,-1.1994,0.59421
-0.79169,-1.1977,0.61092
-0.77872,-1.196,0.62737
-0.76541,-1.1944,0.64355
-0.75176,-1.1927,0.65944
-0.73778,-1.191,0.67504
-0.72348,-1.1894,0.69034
-0.70886,-1.1877,0.70535
-0.69393,-1.186,0.72004
-0.6787,-1.1844,0.73442
-0.66317,-1.1827,0.74847
-0.64734,-1.181,0.7622
-0.63124,-1.1794,0.77559
-0.61485,-1.1777,0.78864
-0.5982,-1.176,0.80135
-0.58128,-1.1744,0.8137
-0.56411,-1.1727,0.8257
-0.54669,-1.171,0.83733
-0.52904,-1.1694,0.8486
-0.51114,-1.1677,0.85949
-0.49303,-1.166,0.87001
-0.4747,-1.1644,0.88015
-0.45616,-1.1627,0.8899
-0.43742,-1.161,0.89926
-0.41849,-1.1594,0.90822
-0.39937,-1.1577,0.91679
-0.38008,-1.156,0.92495
-0.36062,-1.1544,0.93271
-0.34101,-1.1527,0.94006
-0.32124,-1.151,0.947
-0.30134,-1.1494,0.95352
-0.2813,-1.1477,0.95962
-0.26114,-1.146,0.9653
-0.24086,-1.1444,0.97056
-0.22048,-1.1427,0.97539
-0.2,-1.141,0.9798
-0.17943,-1.1394,0.98377
-0.15879,-1.1377,0.98731
-0.13807,-1.136,0.99042
-0.1173,-1.1344,0.9931
-0.09647,-1.1327,0.99534
-0.0756,-1.131,0.99714
-0.054698,-1.1294,0.9985
-0.033771,-1.1277,0.99943
-0.01283,-1.126,0.99992
0.008117,-1.1244,0.99997
0.02906,-1.1227,0.99958
0.049991,-1.121,0.99875
0.0709,-1.1194,0.99748
0.091778,-1.1177,0.99578
0.11261,-1.116,0.99364
0.1334,-1.1144,0.99106
0.15413,-1.1127,0.98805
0.17479,-1.111,0.98461
0.19538,-1.1094,0.98073
0.21588,-1.1077,0.97642
0.23628,-1.106,0.97168
0.25658,-1.1044,0.96652
0.27677,-1.1027,0.96094
0.29684,-1.101,0.95493
0.31678,-1.0993,0.9485
0.33657,-1.0977,0.94166
0.35622,-1.096,0.9344
0.37572,-1.0943,0.92673
0.39505,-1.0927,0.91866
0.4142,-1.091,0.91018
0.43318,-1.0893,0.90131
0.45196,-1.0877,0.89204
0.47054,-1.086,0.88238
0.48892,-1.0843,0.87233
0.50709,-1.0827,0.86189
0.52503,-1.081,0.85108
0.54274,-1.0793,0.8399
0.56022,-1.0777,0.82835
0.57744,-1.076,0.81643
0.59442,-1.0743,0.80416
0.61113,-1.0727,0.79153
0.62758,-1.071,0.77856
0.64375,-1.0693,0.76524
0.65963,-1.0677,0.75159
0.67523,-1.066,0.73761
0.69053,-1.0643,0.7233
0.70553,-1.0627,0.70868
0.72022,-1.061,0.69375
0.73459,-1.0593,0.67851
0.74864,-1.0577,0.66297
0.76237,-1.056,0.64715
0.77575,-1.0543,0.63103
0.7888,-1.0527,0.61465
0.8015,-1.051,0.59799
0.81385,-1.0493,0.58107
0.82585,-1.0477,0.5639
0.83748,-1.046,0.54648
0.84874,-1.0443,0.52881
0.85963,-1.0427,0.51092
0.87014,-1.041,0.4928
0.88027,-1.0393,0.47447
0.89002,-1.0377,0.45593
0.89937,-1.036,0.43718
0.90833,-1.0343,0.41825
0.91689,-1.0327,0.39913
0.92505,-1.031,0.37984
0.93281,-1.0293,0.36038
0.94015,-1.0277,0.34076
0.94708,-1.026,0.321
0.9536,-1.0243,0.30109
0.95969,-1.0227,0.28105
0.96537,-1.021,0.26088
0.97062,-1.0193,0.24061
0.97545,-1.0177,0.22022
0.97985,-1.016,0.19974
0.98382,-1.0143,0.17918
0.98735,-1.0127,0.15853
0.99046,-1.011,0.13781
0.99313,-1.0093,0.11704
0.99536,-1.0077,0.096209
0.99716,-1.006,0.075339
0.99852,-1.0043,0.054436
0.99944,-1.0027,0.03351
0.99992,-1.001,0.012568
0.99996,-0.99933,-0.0083789
0.99957,-0.99767,-0.029322
0.99874,-0.996,-0.050253
0.99746,-0.99433,-0.071161
0.99576,-0.99267,-0.092038
0.99361,-0.991,-0.11288
0.99103,-0.98933,-0.13366
0.98801,-0.98766,-0.15439
0.98456,-0.986,-0.17505
0.98068,-0.98433,-0.19564
0.97636,-0.98266,-0.21613
0.97162,-0.981,-0.23654
0.96645,-0.97933,-0.25684
0.96086,-0.97766,-0.27702
0.95485,-0.976,-0.29709
0.94842,-0.97433,-0.31702
0.94157,-0.97266,-0.33682
0.93431,-0.971,-0.35647
0.92664,-0.96933,-0.37596
0.91856,-0.96766,-0.39529
0.91008,-0.96599,-0.41444
0.9012,-0.96433,-0.43341
0.89192,-0.96266,-0.45219
0.88225,-0.96099,-0.47078
0.8722,-0.95933,-0.48915
0.86176,-0.95766,-0.50731
0.85095,-0.95599,-0.52525
0.83976,-0.95433,-0.54296
0.8282,-0.95266,-0.56043
0.81628,-0.95099,-0.57766
0.804,-0.94932,-0.59463
0.79137,-0.94766,-0.61134
0.77839,-0.94599,-0.62778
0.76507,-0.94432,-0.64395
0.75142,-0.94266,-0.65983
0.73743,-0.94099,-0.67542
0.72312,-0.93932,-0.69072
0.70849,-0.93766,-0.70572
0.69356,-0.93599,-0.7204
0.67832,-0.93432,-0.73477
0.66278,-0.93266,-0.74882
0.64695,-0.93099,-0.76254
0.63083,-0.92932,-0.77592
0.61444,-0.92765,-0.78896
0.59778,-0.92599,-0.80166
0.58086,-0.92432,-0.814
0.56368,-0.92265,-0.82599
0.54626,-0.92099,-0.83762
0.52859,-0.91932,-0.84888
0.51069,-0.91765,-0.85976
0.49257,-0.91599,-0.87027
0.47424,-0.91432,-0.8804
0.45569,-0.91265,-0.89014
0.43695,-0.91099,-0.89949
0.41801,-0.90932,-0.90844
0.39889,-0.90765,-0.917
0.3796,-0.90598,-0.92515
0.36014,-0.90432,-0.9329
0.34052,-0.90265,-0.94024
0.32075,-0.90098,-0.94716
0.30084,-0.89932,-0.95368
0.2808,-0.89765,-0.95977
0.26063,-0.89598,-0.96544
0.24035,-0.89432,-0.97069
0.21997,-0.89265,-0.97551
0.19949,-0.89098,-0.9799
0.17892,-0.88931,-0.98386
0.15827,-0.88765,-0.9874
0.13755,-0.88598,-0.99049
0.11678,-0.88431,-0.99316
0.095949,-0.88265,-0.99539
0.075078,-0.88098,-0.99718
0.054175,-0.87931,-0.99853
0.033248,-0.87765,-0.99945
0.012306,-0.87598,-0.99992
-0.0086407,-0.87431,-0.99996
-0.029584,-0.87265,-0.99956
-0.050514,-0.87098,-0.99872
-0.071422,-0.86931,-0.99745
-0.092299,-0.86764,-0.99573
-0.11314,-0.86598,-0.99358
-0.13392,-0.86431,-0.99099
-0.15465,-0.86264,-0.98797
-0.17531,-0.86098,-0.98451
-0.19589,-0.85931,-0.98063
-0.21639,-0.85764,-0.97631
-0.23679,-0.85598,-0.97156
-0.25709,-0.85431,-0.96639
-0.27728,-0.85264,-0.96079
-0.29734,-0.85098,-0.95477
-0.31727,-0.84931,-0.94833
-0.33707,-0.84764,-0.94148
-0.35671,-0.84597,-0.93421
-0.3762,-0.84431,-0.92654
-0.39553,-0.84264,-0.91845
-0.41468,-0.84097,-0.90997
-0.43365,-0.83931,-0.90108
-0.45243,-0.83764,-0.8918
-0.47101,-0.83597,-0.88213
-0.48938,-0.83431,-0.87207
-0.50754,-0.83264,-0.86163
-0.52548,-0.83097,-0.85081
-0.54318,-0.8293,-0.83962
-0.56065,-0.82764,-0.82805
-0.57787,-0.82597,-0.81613
-0.59484,-0.8243,-0.80385
-0.61154,-0.82264,-0.79121
-0.62798,-0.82097,-0.77823
-0.64415,-0.8193,-0.7649
-0.66003,-0.81764,-0.75124
-0.67562,-0.81597,-0.73725
-0.69091,-0.8143,-0.72294
-0.7059,-0.81264,-0.70831
-0.72058,-0.81097,-0.69337
-0.73495,-0.8093,-0.67812
-0.74899,-0.80763,-0.66258
-0.76271,-0.80597,-0.64675
-0.77608,-0.8043,-0.63063
-0.78912,-0.80263,-0.61423
-0.80182,-0.80097,-0.59757
-0.81416,-0.7993,-0.58064
-0.82614,-0.79763,-0.56346
-0.83776,-0.79597,-0.54604
-0.84901,-0.7943,-0.52837
-0.8599,-0.79263,-0.51047
-0.8704,-0.79097,-0.49235
-0.88052,-0.7893,-0.47401
-0.89026,-0.78763,-0.45546
-0.8996,-0.78596,-0.43671
-0.90855,-0.7843,-0.41777
-0.9171,-0.78263,-0.39865
-0.92525,-0.78096,-0.37935
-0.93299,-0.7793,-0.35989
-0.94033,-0.77763,-0.34027
-0.94725,-0.77596,-0.3205
-0.95375,-0.7743,-0.30059
-0.95984,-0.77263,-0.28054
-0.96551,-0.77096,-0.26038
-0.97075,-0.76929,-0.2401
-0.97556,-0.76763,-0.21971
-0.97995,-0.76596,-0.19923
-0.98391,-0.76429,-0.17866
-0.98744,-0.76263,-0.15801
-0.99053,-0.76096,-0.13729
-0.99319,-0.75929,-0.11652
-0.99541,-0.75763,-0.095688
-0.9972,-0.75596,-0.074817
-0.99855,-0.75429,-0.053914
-0.99946,-0.75263,-0.032986
-0.99993,-0.75096,-0.012044
-0.99996,-0.74929,0.0089025
-0.99955,-0.74762,0.029846
-0.99871,-0.74596,0.050776
-0.99743,-0.74429,0.071683
-0.99571,-0.74262,0.09256
-0.99355,-0.74096,0.1134
-0.99096,-0.73929,0.13418
-0.98793,-0.73762,0.15491
-0.98447,-0.73596,0.17557
-0.98057,-0.73429,0.19615
-0.97625,-0.73262,0.21665
-0.9715,-0.73096,0.23705
-0.96632,-0.72929,0.25734
-0.96072,-0.72762,0.27753
-0.95469,-0.72595,0.29759
-0.94825,-0.72429,0.31752
-0.94139,-0.72262,0.33731
-0.93412,-0.72095,0.35696
-0.92644,-0.71929,0.37645
-0.91835,-0.71762,0.39577
-0.90986,-0.71595,0.41492
-0.90097,-0.71429,0.43388
-0.89168,-0.71262,0.45266
-0.88201,-0.71095,0.47124
-0.87194,-0.70928,0.48961
-0.8615,-0.70762,0.50777
-0.85067,-0.70595,0.5257
-0.83947,-0.70428,0.5434
-0.82791,-0.70262,0.56087
-0.81598,-0.70095,0.57808
-0.80369,-0.69928,0.59505
-0.79105,-0.69762,0.61175
-0.77806,-0.69595,0.62819
-0.76473,-0.69428,0.64435
-0.75107,-0.69262,0.66022
-0.73708,-0.69095,0.67581
-0.72276,-0.68928,0.6911
-0.70812,-0.68761,0.70609
-0.69318,-0.68595,0.72077
-0.67793,-0.68428,0.73513
-0.66238,-0.68261,0.74916
-0.64655,-0.68095,0.76287
-0.63043,-0.67928,0.77625
-0.61403,-0.67761,0.78928
-0.59736,-0.67595,0.80197
-0.58043,-0.67428,0.81431
-0.56325,-0.67261,0.82629
-0.54582,-0.67095,0.8379
-0.52815,-0.66928,0.84915
-0.51024,-0.66761,0.86003
-0.49212,-0.66594,0.87053
-0.47378,-0.66428,0.88065
-0.45523,-0.66261,0.89038
-0.43648,-0.66094,0.89972
-0.41754,-0.65928,0.90866
-0.39841,-0.65761,0.91721
-0.37911,-0.65594,0.92535
-0.35965,-0.65428,0.93309
-0.34002,-0.65261,0.94042
-0.32025,-0.65094,0.94733
-0.30034,-0.64927,0.95383
-0.28029,-0.64761,0.95991
-0.26013,-0.64594,0.96557
-0.23984,-0.64427,0.97081
-0.21946,-0.64261,0.97562
-0.19897,-0.64094,0.98
-0.1784,-0.63927,0.98396
-0.15775,-0.63761,0.98748
-0.13704,-0.63594,0.99057
-0.11626,-0.63427,0.99322
-0.095427,-0.63261,0.99544
-0.074556,-0.63094,0.99722
-0.053652,-0.62927,0.99856
-0.032725,-0.6276,0.99946
-0.011783,-0.62594,0.99993
0.0091644,-0.62427,0.99996
0.030107,-0.6226,0.99955
0.051037,-0.62094,0.9987
0.071945,-0.61927,0.99741
0.09282,-0.6176,0.99568
0.11366,-0.61594,0.99352
0.13444,-0.61427,0.99092
0.15517,-0.6126,0.98789
0.17583,-0.61094,0.98442
0.19641,-0.60927,0.98052
0.2169,-0.6076,0.97619
0.2373,-0.60593,0.97144
0.2576,-0.60427,0.96625
0.27778,-0.6026,0.96065
0.29784,-0.60093,0.95462
0.31777,-0.59927,0.94817
0.33756,-0.5976,0.9413
0.3572,-0.59593,0.93403
0.37669,-0.59427,0.92634
0.39601,-0.5926,0.91825
0.41516,-0.59093,0.90975
0.43412,-0.58926,0.90086
0.45289,-0.5876,0.89156
0.47147,-0.58593,0.88188
0.48984,-0.58426,0.87181
0.50799,-0.5826,0.86136
0.52592,-0.58093,0.85053
0.54362,-0.57926,0.83933
0.56108,-0.5776,0.82776
0.5783,-0.57593,0.81583
0.59526,-0.57426,0.80353
0.61196,-0.5726,0.79089
0.62839,-0.57093,0.7779
0.64455,-0.56926,0.76457
0.66042,-0.56759,0.7509
0.676,-0.56593,0.7369
0.69129,-0.56426,0.72258
0.70627,-0.56259,0.70794
0.72095,-0.56093,0.69299
0.7353,-0.55926,0.67774
0.74934,-0.55759,0.66219
0.76304,-0.55593,0.64635
0.77641,-0.55426,0.63022
0.78945,-0.55259,0.61382
0.80213,-0.55093,0.59715
0.81446,-0.54926,0.58022
0.82644,-0.54759,0.56303
0.83805,-0.54592,0.5456
0.84929,-0.54426,0.52792
0.86016,-0.54259,0.51002
0.87066,-0.54092,0.49189
0.88077,-0.53926,0.47355
0.89049,-0.53759,0.45499
0.89983,-0.53592,0.43624
0.90877,-0.53426,0.4173
0.91731,-0.53259,0.39817
0.92545,-0.53092,0.37887
0.93318,-0.52925,0.3594
0.94051,-0.52759,0.33978
0.94742,-0.52592,0.32
0.95391,-0.52425,0.30009
0.95999,-0.52259,0.28004
0.96564,-0.52092,0.25987
0.97087,-0.51925,0.23959
0.97568,-0.51759,0.2192
0.98006,-0.51592,0.19872
0.984,-0.51425,0.17814
0.98752,-0.51259,0.15749
0.9906,-0.51092,0.13678
0.99325,-0.50925,0.116
0.99546,-0.50758,0.095167
0.99724,-0.50592,0.074295
0.99857,-0.50425,0.053391
0.99947,-0.50258,0.032463
0.99993,-0.50092,0.011521
0.99996,-0.49925,-0.0094262
0.99954,-0.49758,-0.030369
0.99868,-0.49592,-0.051299
0.99739,-0.49425,-0.072206
0.99566,-0.49258,-0.093081
0.99349,-0.49092,-0.11392
0.99089,-0.48925,-0.1347
0.98785,-0.48758,-0.15543
0.98438,-0.48591,-0.17608
0.98047,-0.48425,-0.19666
0.97614,-0.48258,-0.21716
0.97137,-0.48091,-0.23756
0.96619,-0.47925,-0.25785
0.96057,-0.47758,-0.27803
0.95454,-0.47591,-0.29809
0.94808,-0.47425,-0.31802
0.94122,-0.47258,-0.33781
0.93393,-0.47091,-0.35745
0.92624,-0.46924,-0.37693
0.91814,-0.46758,-0.39625
0.90964,-0.46591,-0.41539
0.90074,-0.46424,-0.43436
0.89145,-0.46258,-0.45313
0.88176,-0.46091,-0.4717
0.87169,-0.45924,-0.49007
0.86123,-0.45758,-0.50822
0.8504,-0.45591,-0.52614
0.83919,-0.45424,-0.54384
0.82761,-0.45258,-0.5613
0.81567,-0.45091,-0.57851
0.80338,-0.44924,-0.59547
0.79073,-0.44757,-0.61217
0.77773,-0.44591,-0.62859
0.7644,-0.44424,-0.64475
0.75072,-0.44257,-0.66062
0.73672,-0.44091,-0.6762
0.7224,-0.43924,-0.69148
0.70775,-0.43757,-0.70646
0.6928,-0.43591,-0.72113
0.67755,-0.43424,-0.73548
0.66199,-0.43257,-0.74951
0.64615,-0.43091,-0.76321
0.63002,-0.42924,-0.77658
0.61361,-0.42757,-0.78961
0.59694,-0.4259,-0.80229
0.58001,-0.42424,-0.81461
0.56282,-0.42257,-0.82658
0.54538,-0.4209,-0.83819
0.5277,-0.41924,-0.84943
0.50979,-0.41757,-0.8603
0.49166,-0.4159,-0.87079
0.47332,-0.41424,-0.88089
0.45476,-0.41257,-0.89061
0.43601,-0.4109,-0.89994
0.41706,-0.40923,-0.90888
0.39793,-0.40757,-0.91742
0.37863,-0.4059,-0.92555
0.35916,-0.40423,-0.93328
0.33953,-0.40257,-0.94059
0.31975,-0.4009,-0.9475
0.29984,-0.39923,-0.95399
0.27979,-0.39757,-0.96006
0.25962,-0.3959,-0.96571
0.23934,-0.39423,-0.97094
0.21895,-0.39257,-0.97574
0.19846,-0.3909,-0.98011
0.17789,-0.38923,-0.98405
0.15724,-0.38756,-0.98756
0.13652,-0.3859,-0.99064
0.11574,-0.38423,-0.99328
0.094906,-0.38256,-0.99549
0.074034,-0.3809,-0.99726
0.053129,-0.37923,-0.99859
0.032201,-0.37756,-0.99948
0.011259,-0.3759,-0.99994
-0.009688,-0.37423,-0.99995
-0.030631,-0.37256,-0.99953
-0.05156,-0.3709,-0.99867
-0.072467,-0.36923,-0.99737
-0.093342,-0.36756,-0.99563
-0.11418,-0.36589,-0.99346
-0.13496,-0.36423,-0.99085
-0.15568,-0.36256,-0.98781
-0.17634,-0.36089,-0.98433
-0.19692,-0.35923,-0.98042
-0.21741,-0.35756,-0.97608
-0.23781,-0.35589,-0.97131
-0.2581,-0.35423,-0.96612
-0.27828,-0.35256,-0.9605
-0.29834,-0.35089,-0.95446
-0.31827,-0.34922,-0.948
-0.33805,-0.34756,-0.94113
-0.35769,-0.34589,-0.93384
-0.37717,-0.34422,-0.92614
-0.39649,-0.34256,-0.91804
-0.41563,-0.34089,-0.90953
-0.43459,-0.33922,-0.90063
-0.45336,-0.33756,-0.89133
-0.47193,-0.33589,-0.88164
-0.49029,-0.33422,-0.87156
-0.50844,-0.33256,-0.8611
-0.52637,-0.33089,-0.85026
-0.54406,-0.32922,-0.83905
-0.56152,-0.32755,-0.82747
-0.57872,-0.32589,-0.81552
-0.59568,-0.32422,-0.80322
-0.61237,-0.32255,-0.79057
-0.6288,-0.32089,-0.77757
-0.64495,-0.31922,-0.76423
-0.66081,-0.31755,-0.75055
-0.67639,-0.31589,-0.73654
-0.69167,-0.31422,-0.72222
-0.70664,-0.31255,-0.70757
-0.72131,-0.31089,-0.69261
-0.73566,-0.30922,-0.67735
-0.74968,-0.30755,-0.66179
-0.76338,-0.30588,-0.64595
-0.77674,-0.30422,-0.62982
-0.78977,-0.30255,-0.61341
-0.80244,-0.30088,-0.59673
-0.81476,-0.29922,-0.57979
-0.82673,-0.29755,-0.5626
-0.83833,-0.29588,-0.54516
-0.84957,-0.29422,-0.52748
-0.86043,-0.29255,-0.50957
-0.87091,-0.29088,-0.49143
-0.88102,-0.28921,-0.47308
-0.89073,-0.28755,-0.45453
-0.90006,-0.28588,-0.43577
-0.90899,-0.28421,-0.41682
-0.91752,-0.28255,-0.39769
-0.92565,-0.28088,-0.37839
-0.93337,-0.27921,-0.35891
-0.94068,-0.27755,-0.33928
-0.94758,-0.27588,-0.31951
-0.95407,-0.27421,-0.29959
-0.96013,-0.27255,-0.27954
-0.96578,-0.27088,-0.25937
-0.971,-0.26921,-0.23908
-0.97579,-0.26754,-0.21869
-0.98016,-0.26588,-0.1982
-0.9841,-0.26421,-0.17763
-0.9876,-0.26254,-0.15698
-0.99067,-0.26088,-0.13626
-0.99331,-0.25921,-0.11548
-0.99551,-0.25754,-0.094645
-0.99728,-0.25588,-0.073773
-0.9986,-0.25421,-0.052868
-0.99949,-0.25254,-0.031939
-0.99994,-0.25088,-0.010997
-0.99995,-0.24921,0.0099499
-0.99952,-0.24754,0.030893
-0.99866,-0.24587,0.051822
-0.99735,-0.24421,0.072728
-0.99561,-0.24254,0.093603
-0.99343,-0.24087,0.11444
-0.99082,-0.23921,0.13522
-0.98777,-0.23754,0.15594
-0.98428,-0.23587,0.1766
-0.98037,-0.23421,0.19718
-0.97602,-0.23254,0.21767
-0.97125,-0.23087,0.23806
-0.96605,-0.2292,0.25836
-0.96043,-0.22754,0.27853
-0.95438,-0.22587,0.29859
-0.94792,-0.2242,0.31851
-0.94104,-0.22254,0.3383
-0.93375,-0.22087,0.35794
-0.92604,-0.2192,0.37742
-0.91794,-0.21754,0.39673
-0.90942,-0.21587,0.41587
-0.90051,-0.2142,0.43483
-0.89121,-0.21254,0.45359
-0.88151,-0.21087,0.47216
-0.87143,-0.2092,0.49052
-0.86096,-0.20753,0.50867
-0.85012,-0.20587,0.52659
-0.8389,-0.2042,0.54428
-0.82732,-0.20253,0.56173
-0.81537,-0.20087,0.57894
-0.80307,-0.1992,0.59589
-0.79041,-0.19753,0.61258
-0.7774,-0.19587,0.629
-0.76406,-0.1942,0.64515
-0.75038,-0.19253,0.66101
-0.73637,-0.19087,0.67658
-0.72203,-0.1892,0.69186
-0.70738,-0.18753,0.70683
-0.69242,-0.18586,0.72149
-0.67716,-0.1842,0.73584
-0.6616,-0.18253,0.74986
-0.64575,-0.18086,0.76355
-0.62961,-0.1792,0.77691
-0.6132,-0.17753,0.78993
-0.59652,-0.17586,0.8026
-0.57958,-0.1742,0.81492
-0.56238,-0.17253,0.82688
-0.54494,-0.17086,0.83848
-0.52726,-0.16919,0.84971
-0.50934,-0.16753,0.86056
-0.49121,-0.16586,0.87104
-0.47285,-0.16419,0.88114
-0.45429,-0.16253,0.89085
-0.43553,-0.16086,0.90017
-0.41658,-0.15919,0.9091
-0.39745,-0.15753,0.91762
-0.37814,-0.15586,0.92575
-0.35867,-0.15419,0.93346
-0.33904,-0.15253,0.94077
-0.31926,-0.15086,0.94767
-0.29934,-0.14919,0.95415
-0.27929,-0.14752,0.96021
-0.25911,-0.14586,0.96585
-0.23883,-0.14419,0.97106
-0.21843,-0.14252,0.97585
-0.19795,-0.14086,0.98021
-0.17737,-0.13919,0.98414
-0.15672,-0.13752,0.98764
-0.136,-0.13586,0.99071
-0.11522,-0.13419,0.99334
-0.094385,-0.13252,0.99554
-0.073512,-0.13086,0.99729
-0.052606,-0.12919,0.99862
-0.031678,-0.12752,0.9995
-0.010735,-0.12585,0.99994
0.010212,-0.12419,0.99995
0.031154,-0.12252,0.99951
0.052083,-0.12085,0.99864
0.072989,-0.11919,0.99733
0.093863,-0.11752,0.99559
0.1147,-0.11585,0.9934
0.13548,-0.11419,0.99078
0.1562,-0.11252,0.98773
0.17686,-0.11085,0.98424
0.19743,-0.10918,0.98032
0.21792,-0.10752,0.97597
0.23832,-0.10585,0.97119
0.25861,-0.10418,0.96598
0.27878,-0.10252,0.96035
0.29884,-0.10085,0.9543
0.31876,-0.099183,0.94783
0.33855,-0.097516,0.94095
0.35818,-0.095849,0.93365
0.37766,-0.094182,0.92595
0.39697,-0.092515,0.91783
0.41611,-0.090848,0.90932
0.43506,-0.089182,0.9004
0.45383,-0.087515,0.89109
0.47239,-0.085848,0.88139
0.49075,-0.084181,0.8713
0.50889,-0.082514,0.86083
0.52681,-0.080847,0.84998
0.5445,-0.07918,0.83876
0.56195,-0.077513,0.82717
0.57915,-0.075846,0.81522
0.5961,-0.074179,0.80291
0.61279,-0.072512,0.79025
0.62921,-0.070845,0.77724
0.64535,-0.069178,0.76389
0.66121,-0.067511,0.7502
0.67677,-0.065844,0.73619
0.69205,-0.064177,0.72185
0.70701,-0.06251,0.7072
0.72167,-0.060843,0.69224
0.73601,-0.059177,0.67697
0.75003,-0.05751,0.6614
0.76372,-0.055843,0.64555
0.77707,-0.054176,0.62941
0.79009,-0.052509,0.61299
0.80275,-0.050842,0.59631
0.81507,-0.049175,0.57937
0.82702,-0.047508,0.56217
0.83862,-0.045841,0.54472
0.84984,-0.044174,0.52703
0.8607,-0.042507,0.50912
0.87117,-0.04084,0.49098
0.88126,-0.039173,0.47262
0.89097,-0.037506,0.45406
0.90029,-0.035839,0.4353
0.90921,-0.034172,0.41635
0.91773,-0.032505,0.39721
0.92585,-0.030838,0.3779
0.93356,-0.029172,0.35842
0.94086,-0.027505,0.33879
0.94775,-0.025838,0.31901
0.95423,-0.024171,0.29909
0.96028,-0.022504,0.27904
0.96591,-0.020837,0.25886
0.97112,-0.01917,0.23857
0.97591,-0.017503,0.21818
0.98026,-0.015836,0.19769
0.98419,-0.014169,0.17711
0.98768,-0.012502,0.15646
0.99074,-0.010835,0.13574
0.99337,-0.0091682,0.11496
0.99556,-0.0075013,0.094124
0.99731,-0.0058343,0.07325
0.99863,-0.0041674,0.052345
0.99951,-0.0025004,0.031416
0.99995,-0.00083347,0.010474
0.99995,0.00083347,-0.010474
0.99951,0.0025004,-0.031416
0.99863,0.0041674,-0.052345
0.99731,0.0058343,-0.07325
0.99556,0.0075013,-0.094124
0.99337,0.0091682,-0.11496
0.99074,0.010835,-0.13574
0.98768,0.012502,-0.15646
0.98419,0.014169,-0.17711
0.98026,0.015836,-0.19769
0.97591,0.017503,-0.21818
0.97112,0.01917,-0.23857
0.96591,0.020837,-0.25886
0.96028,0.022504,-0.27904
0.95423,0.024171,-0.29909
0.94775,0.025838,-0.31901
0.94086,0.027505,-0.33879
0.93356,0.029172,-0.35842
0.92585,0.030838,-0.3779
0.91773,0.032505,-0.39721
0.90921,0.034172,-0.41635
0.90029,0.035839,-0.4353
0.89097,0.037506,-0.45406
0.88126,0.039173,-0.47262
0.87117,0.04084,-0.49098
0.8607,0.042507,-0.50912
0.84984,0.044174,-0.52703
0.83862,0.045841,-0.54472
0.82702,0.047508,-0.56217
0.81507,0.049175,-0.57937
0.80275,0.050842,-0.59631
0.79009,0.052509,-0.61299
0.77707,0.054176,-0.62941
0.76372,0.055843,-0.64555
0.75003,0.05751,-0.6614
0.73601,0.059177,-0.67697
0.72167,0.060843,-0.69224
0.70701,0.06251,-0.7072
0.69205,0.064177,-0.72185
0.67677,0.065844,-0.73619
0.66121,0.067511,-0.7502
0.64535,0.069178,-0.76389
0.62921,0.070845,-0.77724
0.61279,0.072512,-0.79025
0.5961,0.074179,-0.80291
0.57915,0.075846,-0.81522
0.56195,0.077513,-0.82717
0.5445,0.07918,-0.83876
0.52681,0.080847,-0.84998
0.50889,0.082514,-0.86083
0.49075,0.084181,-0.8713
0.47239,0.085848,-0.88139
0.45383,0.087515,-0.89109
0.43506,0.089182,-0.9004
0.41611,0.090848,-0.90932
0.39697,0.092515,-0.91783
0.37766,0.094182,-0.92595
0.35818,0.095849,-0.93365
0.33855,0.097516,-0.94095
0.31876,0.099183,-0.94783
0.29884,0.10085,-0.9543
0.27878,0.10252,-0.96035
0.25861,0.10418,-0.96598
0.23832,0.10585,-0.97119
0.21792,0.10752,-0.97597
0.19743,0.10918,-0.98032
0.17686,0.11085,-0.98424
0.1562,0.11252,-0.98773
0.13548,0.11419,-0.99078
0.1147,0.11585,-0.9934
0.093863,0.11752,-0.99559
0.072989,0.11919,-0.99733
0.052083,0.12085,-0.99864
0.031154,0.12252,-0.99951
0.010212,0.12419,-0.99995
-0.010735,0.12585,-0.99994
-0.031678,0.12752,-0.9995
-0.052606,0.12919,-0.99862
-0.073512,0.13086,-0.99729
-0.094385,0.13252,-0.99554
-0.11522,0.13419,-0.99334
-0.136,0.13586,-0.99071
-0.15672,0.13752,-0.98764
-0.17737,0.13919,-0.98414
-0.19795,0.14086,-0.98021
-0.21843,0.14252,-0.97585
-0.23883,0.14419,-0.97106
-0.25911,0.14586,-0.96585
-0.27929,0.14752,-0.96021
-0.29934,0.14919,-0.95415
-0.31926,0.15086,-0.94767
-0.33904,0.15253,-0.94077
-0.35867,0.15419,-0.93346
-0.37814,0.15586,-0.92575
-0.39745,0.15753,-0.91762
-0.41658,0.15919,-0.9091
-0.43553,0.16086,-0.90017
-0.45429,0.16253,-0.89085
-0.47285,0.16419,-0.88114
-0.49121,0.16586,-0.87104
-0.50934,0.16753,-0.86056
-0.52726,0.16919,-0.84971
-0.54494,0.17086,-0.83848
-0.56238,0.17253,-0.82688
-0.57958,0.1742,-0.81492
-0.59652,0.17586,-0.8026
-0.6132,0.17753,-0.78993
-0.62961,0.1792,-0.77691
-0.64575,0.18086,-0.76355
-0.6616,0.18253,-0.74986
-0.67716,0.1842,-0.73584
-0.69242,0.18586,-0.72149
-0.70738,0.18753,-0.70683
-0.72203,0.1892,-0.69186
-0.73637,0.19087,-0.67658
-0.75038,0.19253,-0.66101
-0.76406,0.1942,-0.64515
-0.7774,0.19587,-0.629
-0.79041,0.19753,-0.61258
-0.80307,0.1992,-0.59589
-0.81537,0.20087,-0.57894
-0.82732,0.20253,-0.56173
-0.8389,0.2042,-0.54428
-0.85012,0.20587,-0.52659
-0.86096,0.20753,-0.50867
-0.87143,0.2092,-0.49052
-0.88151,0.21087,-0.47216
-0.89121,0.21254,-0.45359
-0.90051,0.2142,-0.43483
-0.90942,0.21587,-0.41587
-0.91794,0.21754,-0.39673
-0.92604,0.2192,-0.37742
-0.93375,0.22087,-0.35794
-0.94104,0.22254,-0.3383
-0.94792,0.2242,-0.31851
-0.95438,0.22587,-0.29859
-0.96043,0.22754,-0.27853
-0.96605,0.2292,-0.25836
-0.97125,0.23087,-0.23806
-0.97602,0.23254,-0.21767
-0.98037,0.23421,-0.19718
-0.98428,0.23587,-0.1766
-0.98777,0.23754,-0.15594
-0.99082,0.23921,-0.13522
-0.99343,0.24087,-0.11444
-0.99561,0.24254,-0.093603
-0.99735,0.24421,-0.072728
-0.99866,0.24587,-0.051822
-0.99952,0.24754,-0.030893
-0.99995,0.24921,-0.0099499
-0.99994,0.25088,0.010997
-0.99949,0.25254,0.031939
-0.9986,0.25421,0.052868
-0.99728,0.25588,0.073773
-0.99551,0.25754,0.094645
-0.99331,0.25921,0.11548
-0.99067,0.26088,0.13626
-0.9876,0.26254,0.15698
-0.9841,0.26421,0.17763
-0.98016,0.26588,0.1982
-0.97579,0.26754,0.21869
-0.971,0.26921,0.23908
-0.96578,0.27088,0.25937
-0.96013,0.27255,0.27954
-0.95407,0.27421,0.29959
-0.94758,0.27588,0.31951
-0.94068,0.27755,0.33928
-0.93337,0.27921,0.35891
-0.92565,0.28088,0.37839
-0.91752,0.28255,0.39769
-0.90899,0.28421,0.41682
-0.90006,0.28588,0.43577
-0.89073,0.28755,0.45453
-0.88102,0.28921,0.47308
-0.87091,0.29088,0.49143
-0.86043,0.29255,0.50957
-0.84957,0.29422,0.52748
-0.83833,0.29588,0.54516
-0.82673,0.29755,0.5626
-0.81476,0.29922,0.57979
-0.80244,0.30088,0.59673
-0.78977,0.30255,0.61341
-0.77674,0.30422,0.62982
-0.76338,0.30588,0.64595
-0.74968,0.30755,0.66179
-0.73566,0.30922,0.67735
-0.72131,0.31089,0.69261
-0.70664,0.31255,0.70757
-0.69167,0.31422,0.72222
-0.67639,0.31589,0.73654
-0.66081,0.31755,0.75055
-0.64495,0.31922,0.76423
-0.6288,0.32089,0.77757
-0.61237,0.32255,0.79057
-0.59568,0.32422,0.80322
-0.57872,0.32589,0.81552
-0.56152,0.32755,0.82747
-0.54406,0.32922,0.83905
-0.52637,0.33089,0.85026
-0.50844,0.33256,0.8611
-0.49029,0.33422,0.87156
-0.47193,0.33589,0.88164
-0.45336,0.33756,0.89133
-0.43459,0.33922,0.90063
-0.41563,0.34089,0.90953
-0.39649,0.34256,0.91804
-0.37717,0.34422,0.92614
-0.35769,0.34589,0.93384
-0.33805,0.34756,0.94113
-0.31827,0.34922,0.948
-0.29834,0.35089,0.95446
-0.27828,0.35256,0.9605
-0.2581,0.35423,0.96612
-0.23781,0.35589,0.97131
-0.21741,0.35756,0.97608
-0.19692,0.35923,0.98042
-0.17634,0.36089,0.98433
-0.15568,0.36256,0.98781
-0.13496,0.36423,0.99085
-0.11418,0.36589,0.99346
-0.093342,0.36756,0.99563
-0.072467,0.36923,0.99737
-0.05156,0.3709,0.99867
-0.030631,0.37256,0.99953
-0.009688,0.37423,0.99995
0.011259,0.3759,0.99994
0.032201,0.37756,0.99948
0.053129,0.37923,0.99859
0.074034,0.3809,0.99726
0.094906,0.38256,0.99549
0.11574,0.38423,0.99328
0.13652,0.3859,0.99064
0.15724,0.38756,0.98756
0.17789,0.38923,0.98405
0.19846,0.3909,0.98011
0.21895,0.39257,0.97574
0.23934,0.39423,0.97094
0.25962,0.3959,0.96571
0.27979,0.39757,0.96006
0.29984,0.39923,0.95399
0.31975,0.4009,0.9475
0.33953,0.40257,0.94059
0.35916,0.40423,0.93328
0.37863,0.4059,0.92555
0.39793,0.40757,0.91742
0.41706,0.40923,0.90888
0.43601,0.4109,0.89994
0.45476,0.41257,0.89061
0.47332,0.41424,0.88089
0.49166,0.4159,0.87079
0.50979,0.41757,0.8603
0.5277,0.41924,0.84943
0.54538,0.4209,0.83819
0.56282,0.42257,0.82658
0.58001,0.42424,0.81461
0.59694,0.4259,0.80229
0.61361,0.42757,0.78961
0.63002,0.42924,0.77658
0.64615,0.43091,0.76321
0.66199,0.43257,0.74951
0.67755,0.43424,0.73548
0.6928,0.43591,0.72113
0.70775,0.43757,0.70646
0.7224,0.43924,0.69148
0.73672,0.44091,0.6762
0.75072,0.44257,0.66062
0.7644,0.44424,0.64475
0.77773,0.44591,0.62859
0.79073,0.44757,0.61217
0.80338,0.44924,0.59547
0.81567,0.45091,0.57851
0.82761,0.45258,0.5613
0.83919,0.45424,0.54384
0.8504,0.45591,0.52614
0.86123,0.45758,0.50822
0.87169,0.45924,0.49007
0.88176,0.46091,0.4717
0.89145,0.46258,0.45313
0.90074,0.46424,0.43436
0.90964,0.46591,0.41539
0.91814,0.46758,0.39625
0.92624,0.46924,0.37693
0.93393,0.47091,0.35745
0.94122,0.47258,0.33781
0.94808,0.47425,0.31802
0.95454,0.47591,0.29809
0.96057,0.47758,0.27803
0.96619,0.47925,0.25785
0.97137,0.48091,0.23756
0.97614,0.48258,0.21716
0.98047,0.48425,0.19666
0.98438,0.48591,0.17608
0.98785,0.48758,0.15543
0.99089,0.48925,0.1347
0.99349,0.49092,0.11392
0.99566,0.49258,0.093081
0.99739,0.49425,0.072206
0.99868,0.49592,0.051299
0.99954,0.49758,0.030369
0.99996,0.49925,0.0094262
0.99993,0.50092,-0.011521
0.99947,0.50258,-0.032463
0.99857,0.50425,-0.053391
0.99724,0.50592,-0.074295
0.99546,0.50758,-0.095167
0.99325,0.50925,-0.116
0.9906,0.51092,-0.13678
0.98752,0.51259,-0.15749
0.984,0.51425,-0.17814
0.98006,0.51592,-0.19872
0.97568,0.51759,-0.2192
0.97087,0.51925,-0.23959
0.96564,0.52092,-0.25987
0.95999,0.52259,-0.28004
0.95391,0.52425,-0.30009
0.94742,0.52592,-0.32
0.94051,0.52759,-0.33978
0.93318,0.52925,-0.3594
0.92545,0.53092,-0.37887
0.91731,0.53259,-0.39817
0.90877,0.53426,-0.4173
0.89983,0.53592,-0.43624
0.89049,0.53759,-0.45499
0.88077,0.53926,-0.47355
0.87066,0.54092,-0.49189
0.86016,0.54259,-0.51002
0.84929,0.54426,-0.52792
0.83805,0.54592,-0.5456
0.82644,0.54759,-0.56303
0.81446,0.54926,-0.58022
0.80213,0.55093,-0.59715
0.78945,0.55259,-0.61382
0.77641,0.55426,-0.63022
0.76304,0.55593,-0.64635
0.74934,0.55759,-0.66219
0.7353,0.55926,-0.67774
0.72095,0.56093,-0.69299
0.70627,0.56259,-0.70794
0.69129,0.56426,-0.72258
0.676,0.56593,-0.7369
0.66042,0.56759,-0.7509
0.64455,0.56926,-0.76457
0.62839,0.57093,-0.7779
0.61196,0.5726,-0.79089
0.59526,0.57426,-0.80353
0.5783,0.57593,-0.81583
0.56108,0.5776,-0.82776
0.54362,0.57926,-0.83933
0.52592,0.58093,-0.85053
0.50799,0.5826,-0.86136
0.48984,0.58426,-0.87181
0.47147,0.58593,-0.88188
0.45289,0.5876,-0.89156
0.43412,0.58926,-0.90086
0.41516,0.59093,-0.90975
0.39601,0.5926,-0.91825
0.37669,0.59427,-0.92634
0.3572,0.59593,-0.93403
0.33756,0.5976,-0.9413
0.31777,0.59927,-0.94817
0.29784,0.60093,-0.95462
0.27778,0.6026,-0.96065
0.2576,0.60427,-0.96625
0.2373,0.60593,-0.97144
0.2169,0.6076,-0.97619
0.19641,0.60927,-0.98052
0.17583,0.61094,-0.98442
0.15517,0.6126,-0.98789
0.13444,0.61427,-0.99092
0.11366,0.61594,-0.99352
0.09282,0.6176,-0.99568
0.071945,0.61927,-0.99741
0.051037,0.62094,-0.9987
0.030107,0.6226,-0.99955
0.0091644,0.62427,-0.99996
-0.011783,0.62594,-0.99993
-0.032725,0.6276,-0.99946
-0.053652,0.62927,-0.99856
-0.074556,0.63094,-0.99722
-0.095427,0.63261,-0.99544
-0.11626,0.63427,-0.99322
-0.13704,0.63594,-0.99057
-0.15775,0.63761,-0.98748
-0.1784,0.63927,-0.98396
-0.19897,0.64094,-0.98
-0.21946,0.64261,-0.97562
-0.23984,0.64427,-0.97081
-0.26013,0.64594,-0.96557
-0.28029,0.64761,-0.95991
-0.30034,0.64927,-0.95383
-0.32025,0.65094,-0.94733
-0.34002,0.65261,-0.94042
-0.35965,0.65428,-0.93309
-0.37911,0.65594,-0.92535
-0.39841,0.65761,-0.91721
-0.41754,0.65928,-0.90866
-0.43648,0.66094,-0.89972
-0.45523,0.66261,-0.89038
-0.47378,0.66428,-0.88065
-0.49212,0.66594,-0.87053
-0.51024,0.66761,-0.86003
-0.52815,0.66928,-0.84915
-0.54582,0.67095,-0.8379
-0.56325,0.67261,-0.82629
-0.58043,0.67428,-0.81431
-0.59736,0.67595,-0.80197
-0.61403,0.67761,-0.78928
-0.63043,0.67928,-0.77625
-0.64655,0.68095,-0.76287
-0.66238,0.68261,-0.74916
-0.67793,0.68428,-0.73513
-0.69318,0.68595,-0.72077
-0.70812,0.68761,-0.70609
-0.72276,0.68928,-0.6911
-0.73708,0.69095,-0.67581
-0.75107,0.69262,-0.66022
-0.76473,0.69428,-0.64435
-0.77806,0.69595,-0.62819
-0.79105,0.69762,-0.61175
-0.80369,0.69928,-0.59505
-0.81598,0.70095,-0.57808
-0.82791,0.70262,-0.56087
-0.83947,0.70428,-0.5434
-0.85067,0.70595,-0.5257
-0.8615,0.70762,-0.50777
-0.87194,0.70928,-0.48961
-0.88201,0.71095,-0.47124
-0.89168,0.71262,-0.45266
-0.90097,0.71429,-0.43388
-0.90986,0.71595,-0.41492
-0.91835,0.71762,-0.39577
-0.92644,0.71929,-0.37645
-0.93412,0.72095,-0.35696
-0.94139,0.72262,-0.33731
-0.94825,0.72429,-0.31752
-0.95469,0.72595,-0.29759
-0.96072,0.72762,-0.27753
-0.96632,0.72929,-0.25734
-0.9715,0.73096,-0.23705
-0.97625,0.73262,-0.21665
-0.98057,0.73429,-0.19615
-0.98447,0.73596,-0.17557
-0.98793,0.73762,-0.15491
-0.99096,0.73929,-0.13418
-0.99355,0.74096,-0.1134
-0.99571,0.74262,-0.09256
-0.99743,0.74429,-0.071683
-0.99871,0.74596,-0.050776
-0.99955,0.74762,-0.029846
-0.99996,0.74929,-0.0089025
-0.99993,0.75096,0.012044
-0.99946,0.75263,0.032986
-0.99855,0.75429,0.053914
-0.9972,0.75596,0.074817
-0.99541,0.75763,0.095688
-0.99319,0.75929,0.11652
-0.99053,0.76096,0.13729
-0.98744,0.76263,0.15801
-0.98391,0.76429,0.17866
-0.97995,0.76596,0.19923
-0.97556,0.76763,0.21971
-0.97075,0.76929,0.2401
-0.96551,0.77096,0.26038
-0.95984,0.77263,0.28054
-0.95375,0.7743,0.30059
-0.94725,0.77596,0.3205
-0.94033,0.77763,0.34027
-0.93299,0.7793,0.35989
-0.92525,0.78096,0.37935
-0.9171,0.78263,0.39865
-0.90855,0.7843,0.41777
-0.8996,0.78596,0.43671
-0.89026,0.78763,0.45546
-0.88052,0.7893,0.47401
-0.8704,0.79097,0.49235
-0.8599,0.79263,0.51047
-0.84901,0.7943,0.52837
-0.83776,0.79597,0.54604
-0.82614,0.79763,0.56346
-0.81416,0.7993,0.58064
-0.80182,0.80097,0.59757
-0.78912,0.80263,0.61423
-0.77608,0.8043,0.63063
-0.76271,0.80597,0.64675
-0.74899,0.80763,0.66258
-0.73495,0.8093,0.67812
-0.72058,0.81097,0.69337
-0.7059,0.81264,0.70831
-0.69091,0.8143,0.72294
-0.67562,0.81597,0.73725
-0.66003,0.81764,0.75124
-0.64415,0.8193,0.7649
-0.62798,0.82097,0.77823
-0.61154,0.82264,0.79121
-0.59484,0.8243,0.80385
-0.57787,0.82597,0.81613
-0.56065,0.82764,0.82805
-0.54318,0.8293,0.83962
-0.52548,0.83097,0.85081
-0.50754,0.83264,0.86163
-0.48938,0.83431,0.87207
-0.47101,0.83597,0.88213
-0.45243,0.83764,0.8918
-0.43365,0.83931,0.90108
-0.41468,0.84097,0.90997
-0.39553,0.84264,0.91845
-0.3762,0.84431,0.92654
-0.35671,0.84597,0.93421
-0.33707,0.84764,0.94148
-0.31727,0.84931,0.94833
-0.29734,0.85098,0.95477
-0.27728,0.85264,0.96079
-0.25709,0.85431,0.96639
-0.23679,0.85598,0.97156
-0.21639,0.85764,0.97631
-0.19589,0.85931,0.98063
-0.17531,0.86098,0.98451
-0.15465,0.86264,0.98797
-0.13392,0.86431,0.99099
-0.11314,0.86598,0.99358
-0.092299,0.86764,0.99573
-0.071422,0.86931,0.99745
-0.050514,0.87098,0.99872
-0.029584,0.87265,0.99956
-0.0086407,0.87431,0.99996
0.012306,0.87598,0.99992
0.033248,0.87765,0.99945
0.054175,0.87931,0.99853
0.075078,0.88098,0.99718
0.095949,0.88265,0.99539
0.11678,0.88431,0.99316
0.13755,0.88598,0.99049
0.15827,0.88765,0.9874
0.17892,0.88931,0.98386
0.19949,0.89098,0.9799
0.21997,0.89265,0.97551
0.24035,0.89432,0.97069
0.26063,0.89598,0.96544
0.2808,0.89765,0.95977
0.30084,0.89932,0.95368
0.32075,0.90098,0.94716
0.34052,0.90265,0.94024
0.36014,0.90432,0.9329
0.3796,0.90598,0.92515
0.39889,0.90765,0.917
0.41801,0.90932,0.90844
0.43695,0.91099,0.89949
0.45569,0.91265,0.89014
0.47424,0.91432,0.8804
0.49257,0.91599,0.87027
0.51069,0.91765,0.85976
0.52859,0.91932,0.84888
0.54626,0.92099,0.83762
0.56368,0.92265,0.82599
0.58086,0.92432,0.814
0.59778,0.92599,0.80166
0.61444,0.92765,0.78896
0.63083,0.92932,0.77592
0.64695,0.93099,0.76254
0.66278,0.93266,0.74882
0.67832,0.93432,0.73477
0.69356,0.93599,0.7204
0.70849,0.93766,0.70572
0.72312,0.93932,0.69072
0.73743,0.94099,0.67542
0.75142,0.94266,0.65983
0.76507,0.94432,0.64395
0.77839,0.94599,0.62778
0.79137,0.94766,0.61134
0.804,0.94932,0.59463
0.81628,0.95099,0.57766
0.8282,0.95266,0.56043
0.83976,0.95433,0.54296
0.85095,0.95599,0.52525
0.86176,0.95766,0.50731
0.8722,0.95933,0.48915
0.88225,0.96099,0.47078
0.89192,0.96266,0.45219
0.9012,0.96433,0.43341
0.91008,0.96599,0.41444
0.91856,0.96766,0.39529
0.92664,0.96933,0.37596
0.93431,0.971,0.35647
0.94157,0.97266,0.33682
0.94842,0.97433,0.31702
0.95485,0.976,0.29709
0.96086,0.97766,0.27702
0.96645,0.97933,0.25684
0.97162,0.981,0.23654
0.97636,0.98266,0.21613
0.98068,0.98433,0.19564
0.98456,0.986,0.17505
0.98801,0.98766,0.15439
0.99103,0.98933,0.13366
0.99361,0.991,0.11288
0.99576,0.99267,0.092038
0.99746,0.99433,0.071161
0.99874,0.996,0.050253
0.99957,0.99767,0.029322
0.99996,0.99933,0.0083789
0.99992,1.001,-0.012568
0.99944,1.0027,-0.03351
0.99852,1.0043,-0.054436
0.99716,1.006,-0.075339
0.99536,1.0077,-0.096209
0.99313,1.0093,-0.11704
0.99046,1.011,-0.13781
0.98735,1.0127,-0.15853
0.98382,1.0143,-0.17918
0.97985,1.016,-0.19974
0.97545,1.0177,-0.22022
0.97062,1.0193,-0.24061
0.96537,1.021,-0.26088
0.95969,1.0227,-0.28105
0.9536,1.0243,-0.30109
0.94708,1.026,-0.321
0.94015,1.0277,-0.34076
0.93281,1.0293,-0.36038
0.92505,1.031,-0.37984
0.91689,1.0327,-0.39913
0.90833,1.0343,-0.41825
0.89937,1.036,-0.43718
0.89002,1.0377,-0.45593
0.88027,1.0393,-0.47447
0.87014,1.041,-0.4928
0.85963,1.0427,-0.51092
0.84874,1.0443,-0.52881
0.83748,1.046,-0.54648
0.82585,1.0477,-0.5639
0.81385,1.0493,-0.58107
0.8015,1.051,-0.59799
0.7888,1.0527,-0.61465
0.77575,1.0543,-0.63103
0.76237,1.056,-0.64715
0.74864,1.0577,-0.66297
0.73459,1.0593,-0.67851
0.72022,1.061,-0.69375
0.70553,1.0627,-0.70868
0.69053,1.0643,-0.7233
0.67523,1.066,-0.73761
0.65963,1.0677,-0.75159
0.64375,1.0693,-0.76524
0.62758,1.071,-0.77856
0.61113,1.0727,-0.79153
0.59442,1.0743,-0.80416
0.57744,1.076,-0.81643
0.56022,1.0777,-0.82835
0.54274,1.0793,-0.8399
0.52503,1.081,-0.85108
0.50709,1.0827,-0.86189
0.48892,1.0843,-0.87233
0.47054,1.086,-0.88238
0.45196,1.0877,-0.89204
0.43318,1.0893,-0.90131
0.4142,1.091,-0.91018
0.39505,1.0927,-0.91866
0.37572,1.0943,-0.92673
0.35622,1.096,-0.9344
0.33657,1.0977,-0.94166
0.31678,1.0993,-0.9485
0.29684,1.101,-0.95493
0.27677,1.1027,-0.96094
0.25658,1.1044,-0.96652
0.23628,1.106,-0.97168
0.21588,1.1077,-0.97642
0.19538,1.1094,-0.98073
0.17479,1.111,-0.98461
0.15413,1.1127,-0.98805
0.1334,1.1144,-0.99106
0.11261,1.116,-0.99364
0.091778,1.1177,-0.99578
0.0709,1.1194,-0.99748
0.049991,1.121,-0.99875
0.02906,1.1227,-0.99958
0.008117,1.1244,-0.99997
-0.01283,1.126,-0.99992
-0.033771,1.1277,-0.99943
-0.054698,1.1294,-0.9985
-0.0756,1.131,-0.99714
-0.09647,1.1327,-0.99534
-0.1173,1.1344,-0.9931
-0.13807,1.136,-0.99042
-0.15879,1.1377,-0.98731
-0.17943,1.1394,-0.98377
-0.2,1.141,-0.9798
-0.22048,1.1427,-0.97539
-0.24086,1.1444,-0.97056
-0.26114,1.146,-0.9653
-0.2813,1.1477,-0.95962
-0.30134,1.1494,-0.95352
-0.32124,1.151,-0.947
-0.34101,1.1527,-0.94006
-0.36062,1.1544,-0.93271
-0.38008,1.156,-0.92495
-0.39937,1.1577,-0.91679
-0.41849,1.1594,-0.90822
-0.43742,1.161,-0.89926
-0.45616,1.1627,-0.8899
-0.4747,1.1644,-0.88015
-0.49303,1.166,-0.87001
-0.51114,1.1677,-0.85949
-0.52904,1.1694,-0.8486
-0.54669,1.171,-0.83733
-0.56411,1.1727,-0.8257
-0.58128,1.1744,-0.8137
-0.5982,1.176,-0.80135
-0.61485,1.1777,-0.78864
-0.63124,1.1794,-0.77559
-0.64734,1.181,-0.7622
-0.66317,1.1827,-0.74847
-0.6787,1.1844,-0.73442
-0.69393,1.186,-0.72004
-0.70886,1.1877,-0.70535
-0.72348,1.1894,-0.69034
-0.73778,1.191,-0.67504
-0.75176,1.1927,-0.65944
-0.76541,1.1944,-0.64355
-0.77872,1.196,-0.62737
-0.79169,1.1977,-0.61092
-0.80431,1.1994,-0.59421
-0.81658,1.201,-0.57723
-0.82849,1.2027,-0.56
-0.84004,1.2044,-0.54252
-0.85122,1.206,-0.52481
-0.86203,1.2077,-0.50686
-0.87245,1.2094,-0.4887
-0.8825,1.211,-0.47031
-0.89216,1.2127,-0.45173
-0.90142,1.2144,-0.43294
-0.91029,1.216,-0.41396
-0.91876,1.2177,-0.39481
-0.92683,1.2194,-0.37548
-0.93449,1.221,-0.35598
-0.94175,1.2227,-0.33633
-0.94858,1.2244,-0.31653
-0.95501,1.226,-0.29659
-0.96101,1.2277,-0.27652
-0.96659,1.2294,-0.25633
-0.97175,1.231,-0.23603
-0.97648,1.2327,-0.21562
-0.98078,1.2344,-0.19512
-0.98465,1.236,-0.17454
-0.98809,1.2377,-0.15387
-0.9911,1.2394,-0.13314
-0.99367,1.241,-0.11235
-0.9958,1.2427,-0.091517
-0.9975,1.2444,-0.070639
-0.99876,1.246,-0.04973
-0.99959,1.2477,-0.028799
-0.99997,1.2494,-0.0078552
-0.99991,1.251,0.013092
-0.99942,1.2527,0.034033
-0.99849,1.2544,0.054959
-0.99712,1.256,0.075862
-0.99531,1.2577,0.09673
-0.99307,1.2594,0.11756
-0.99039,1.261,0.13833
-0.98727,1.2627,0.15905
-0.98372,1.2644,0.17969
-0.97974,1.266,0.20026
-0.97533,1.2677,0.22073
-0.9705,1.2694,0.24111
-0.96523,1.271,0.26139
-0.95955,1.2727,0.28155
-0.95344,1.2744,0.30159
-0.94691,1.276,0.32149
-0.93997,1.2777,0.34125
-0.93262,1.2794,0.36087
-0.92485,1.281,0.38032
-0.91668,1.2827,0.39961
-0.90811,1.2844,0.41873
-0.89914,1.286,0.43765
-0.88978,1.2877,0.45639
-0.88002,1.2894,0.47493
-0.86988,1.291,0.49326
-0.85936,1.2927,0.51137
-0.84846,1.2944,0.52926
-0.83719,1.296,0.54691
-0.82555,1.2977,0.56433
-0.81355,1.2994,0.5815
-0.80119,1.3011,0.59841
-0.78848,1.3027,0.61506
-0.77542,1.3044,0.63144
-0.76203,1.3061,0.64754
-0.7483,1.3077,0.66336
-0.73424,1.3094,0.67889
-0.71986,1.3111,0.69412
-0.70516,1.3127,0.70905
-0.69015,1.3144,0.72366
-0.67484,1.3161,0.73796
-0.65924,1.3177,0.75193
-0.64334,1.3194,0.76558
-0.62717,1.3211,0.77888
-0.61072,1.3227,0.79185
-0.594,1.3244,0.80447
-0.57702,1.3261,0.81673
-0.55978,1.3277,0.82864
-0.5423,1.3294,0.84018
-0.52458,1.3311,0.85136
-0.50664,1.3327,0.86216
-0.48847,1.3344,0.87258
-0.47008,1.3361,0.88262
-0.45149,1.3377,0.89227
-0.4327,1.3394,0.90154
-0.41373,1.3411,0.9104
-0.39457,1.3427,0.91887
-0.37523,1.3444,0.92693
-0.35573,1.3461,0.93459
-0.33608,1.3477,0.94183
-0.31628,1.3494,0.94867
-0.29634,1.3511,0.95508
-0.27627,1.3527,0.96108
-0.25608,1.3544,0.96666
-0.23577,1.3561,0.97181
-0.21537,1.3577,0.97653
-0.19487,1.3594,0.98083
-0.17428,1.3611,0.9847
-0.15361,1.3627,0.98813
-0.13288,1.3644,0.99113
-0.11209,1.3661,0.9937
-0.091256,1.3677,0.99583
-0.070378,1.3694,0.99752
-0.049468,1.3711,0.99878
-0.028537,1.3727,0.99959
-0.0075934,1.3744,0.99997
0.013354,1.3761,0.99991
0.034295,1.3777,0.99941
0.055221,1.3794,0.99847
0.076123,1.3811,0.9971
0.096991,1.3827,0.99529
0.11782,1.3844,0.99304
0.13859,1.3861,0.99035
0.1593,1.3877,0.98723
0.17995,1.3894,0.98368
0.20051,1.3911,0.97969
0.22099,1.3927,0.97528
0.24137,1.3944,0.97043
0.26164,1.3961,0.96516
0.2818,1.3977,0.95947
0.30184,1.3994,0.95336
0.32174,1.4011,0.94683
0.3415,1.4027,0.93988
0.36111,1.4044,0.93252
0.38057,1.4061,0.92475
0.39985,1.4077,0.91658
0.41896,1.4094,0.908
0.43789,1.4111,0.89903
0.45662,1.4127,0.88966
0.47516,1.4144,0.8799
0.49349,1.4161,0.86975
0.51159,1.4177,0.85923
0.52948,1.4194,0.84832
0.54713,1.4211,0.83705
0.56455,1.4227,0.8254
0.58171,1.4244,0.8134
0.59862,1.4261,0.80103
0.61527,1.4277,0.78832
0.63164,1.4294,0.77526
0.64774,1.4311,0.76186
0.66356,1.4327,0.74812
0.67908,1.4344,0.73406
0.69431,1.4361,0.71968
0.70923,1.4377,0.70497
0.72384,1.4394,0.68996
0.73814,1.4411,0.67465
0.75211,1.4427,0.65904
0.76575,1.4444,0.64314
0.77905,1.4461,0.62696
0.79201,1.4477,0.61051
0.80462,1.4494,0.59379
0.81688,1.4511,0.5768
0.82879,1.4527,0.55956
0.84033,1.4544,0.54208
0.8515,1.4561,0.52436
0.86229,1.4577,0.50641
0.87271,1.4594,0.48824
0.88275,1.4611,0.46985
0.89239,1.4627,0.45126
0.90165,1.4644,0.43247
0.91051,1.4661,0.41349
0.91897,1.4677,0.39432
0.92703,1.4694,0.37499
0.93468,1.4711,0.35549
0.94192,1.4727,0.33583
0.94875,1.4744,0.31603
0.95516,1.4761,0.29609
0.96115,1.4777,0.27602
0.96672,1.4794,0.25582
0.97187,1.4811,0.23552
0.97659,1.4827,0.21511
0.98088,1.4844,0.19461
0.98474,1.4861,0.17402
0.98817,1.4877,0.15336
0.99117,1.4894,0.13262
0.99373,1.4911,0.11183
0.99585,1.4927,0.090995
0.99754,1.4944,0.070116
0.99879,1.4961,0.049207
0.9996,1.4977,0.028275
0.99997,1.4994,0.0073315
0,1.5011,0
0,1.5028,0
0,1.5044,0
0,1.5061,0
0,1.5078,0
0,1.5094,0
0,1.5111,0
0,1.5128,0
0,1.5144,0
0,1.5161,0
0,1.5178,0
0,1.5194,0
0,1.5211,0
0,1.5228,0
0,1.5244,0
0,1.5261,0
0,1.5278,0
0,1.5294,0
0,1.5311,0
0,1.5328,0
0,1.5344,0
0,1.5361,0
0,1.5378,0
0,1.5394,0
0,1.5411,0
0,1.5428,0
0,1.5444,0
0,1.5461,0
0,1.5478,0
0,1.5494,0
0,1.5511,0
0,1.5528,0
0,1.5544,0
0,1.5561,0
0,1.5578,0
0,1.5594,0
0,1.5611,0
0,1.5628,0
0,1.5644,0
0,1.5661,0
0,1.5678,0
0,1.5694,0
0,1.5711,0
0,1.5728,0
0,1.5744,0
0,1.5761,0
0,1.5778,0
0,1.5794,0
0,1.5811,0
0,1.5828,0
0,1.5844,0
0,1.5861,0
0,1.5878,0
0,1.5894,0
0,1.5911,0
0,1.5928,0
0,1.5944,0
0,1.5961,0
0,1.5978,0
0,1.5994,0
0,1.6011,0
0,1.6028,0
0,1.6044,0
0,1.6061,0
0,1.6078,0
0,1.6094,0
0,1.6111,0
0,1.6128,0
0,1.6144,0
0,1.6161,0
0,1.6178,0
0,1.6194,0
0,1.6211,0
0,1.6228,0
0,1.6244,0
0,1.6261,-0
0,1.6278,-0
0,1.6294,-0
0,1.6311,-0
0,1.6328,-0
0,1.6344,-0
0,1.6361,-0
0,1.6378,-0
0,1.6394,-0
0,1.6411,-0
0,1.6428,-0
0,1.6444,-0
0,1.6461,-0
0,1.6478,-0
0,1.6494,-0
0,1.6511,-0
0,1.6528,-0
0,1.6544,-0
0,1.6561,-0
0,1.6578,-0
0,1.6594,-0
0,1.6611,-0
0,1.6628,-0
0,1.6644,-0
0,1.6661,-0
0,1.6678,-0
0,1.6694,-0
0,1.6711,-0
0,1.6728,-0
0,1.6744,-0
0,1.6761,-0
0,1.6778,-0
0,1.6794,-0
0,1.6811,-0
0,1.6828,-0
0,1.6844,-0
0,1.6861,-0
0,1.6878,-0
0,1.6894,-0
0,1.6911,-0
0,1.6928,-0
0,1.6944,-0
0,1.6961,-0
0,1.6978,-0
0,1.6994,-0
0,1.7011,-0
0,1.7028,-0
0,1.7045,-0
0,1.7061,-0
0,1.7078,-0
0,1.7095,-0
0,1.7111,-0
0,1.7128,-0
0,1.7145,-0
0,1.7161,-0
0,1.7178,-0
0,1.7195,-0
0,1.7211,-0
0,1.7228,-0
0,1.7245,-0
0,1.7261,-0
0,1.7278,-0
0,1.7295,-0
0,1.7311,-0
0,1.7328,-0
0,1.7345,-0
0,1.7361,-0
0,1.7378,-0
0,1.7395,-0
0,1.7411,-0
0,1.7428,-0
0,1.7445,-0
0,1.7461,-0
0,1.7478,-0
0,1.7495,-0
-0,1.7511,0
-0,1.7528,0
-0,1.7545,0
-0,1.7561,0
-0,1.7578,0
-0,1.7595,0
-0,1.7611,0
-0,1.7628,0
-0,1.7645,0
-0,1.7661,0
-0,1.7678,0
-0,1.7695,0
-0,1.7711,0
-0,1.7728,0
-0,1.7745,0
-0,1.7761,0
-0,1.7778,0
-0,1.7795,0
-0,1.7811,0
-0,1.7828,0
-0,1.7845,0
-0,1.7861,0
-0,1.7878,0
-0,1.7895,0
-0,1.7911,0
-0,1.7928,0
-0,1.7945,0
-0,1.7961,0
-0,1.7978,0
-0,1.7995,0
-0,1.8011,0
-0,1.8028,0
-0,1.8045,0
-0,1.8061,0
-0,1.8078,0
-0,1.8095,0
-0,1.8111,0
-0,1.8128,0
-0,1.8145,0
-0,1.8161,0
-0,1.8178,0
-0,1.8195,0
-0,1.8211,0
-0,1.8228,0
-0,1.8245,0
-0,1.8261,0
-0,1.8278,0
-0,1.8295,0
-0,1.8311,0
-0,1.8328,0
-0,1.8345,0
-0,1.8361,0
-0,1.8378,0
-0,1.8395,0
-0,1.8411,0
-0,1.8428,0
-0,1.8445,0
-0,1.8461,0
-0,1.8478,0
-0,1.8495,0
-0,1.8511,0
-0,1.8528,0
-0,1.8545,0
-0,1.8561,0
-0,1.8578,0
-0,1.8595,0
-0,1.8611,0
-0,1.8628,0
-0,1.8645,0
-0,1.8661,0
-0,1.8678,0
-0,1.8695,0
-0,1.8711,0
-0,1.8728,0
-0,1.8745,0
0,1.8761,0
0,1.8778,0
0,1.8795,0
0,1.8811,0
0,1.8828,0
0,1.8845,0
0,1.8861,0
0,1.8878,0
0,1.8895,0
0,1.8911,0
0,1.8928,0
0,1.8945,0
0,1.8961,0
0,1.8978,0
0,1.8995,0
0,1.9012,0
0,1.9028,0
0,1.9045,0
0,1.9062,0
0,1.9078,0
0,1.9095,0
0,1.9112,0
0,1.9128,0
0,1.9145,0
0,1.9162,0
0,1.9178,0
0,1.9195,0
0,1.9212,0
0,1.9228,0
0,1.9245,0
0,1.9262,0
0,1.9278,0
0,1.9295,0
0,1.9312,0
0,1.9328,0
0,1.9345,0
0,1.9362,0
0,1.9378,0
0,1.9395,0
0,1.9412,0
0,1.9428,0
0,1.9445,0
0,1.9462,0
0,1.9478,0
0,1.9495,0
0,1.9512,0
0,1.9528,0
0,1.9545,0
0,1.9562,0
0,1.9578,0
0,1.9595,0
0,1.9612,0
0,1.9628,0
0,1.9645,0
0,1.9662,0
0,1.9678,0
0,1.9695,0
0,1.9712,0
0,1.9728,0
0,1.9745,0
0,1.9762,0
0,1.9778,0
0,1.9795,0
0,1.9812,0
0,1.9828,0
0,1.9845,0
0,1.9862,0
0,1.9878,0
0,1.9895,0
0,1.9912,0
0,1.9928,0
0,1.9945,0
0,1.9962,0
0,1.9978,0
0,1.9995,0
0,2.0012,0
0,2.0028,0
0,2.0045,0
0,2.0062,0
0,2.0078,0
0,2.0095,0
0,2.0112,0
0,2.0128,0
0,2.0145,0
0,2.0162,0
0,2.0178,0
0,2.0195,0
0,2.0212,0
0,2.0228,0
0,2.0245,0
0,2.0262,0
0,2.0278,0
0,2.0295,0
0,2.0312,0
0,2.0328,0
0,2.0345,0
0,2.0362,0
0,2.0378,0
0,2.0395,0
0,2.0412,0
0,2.0428,0
0,2.0445,0
0,2.0462,0
0,2.0478,0
0,2.0495,0
0,2.0512,0
0,2.0528,0
0,2.0545,0
0,2.0562,0
0,2.0578,0
0,2.0595,0
0,2.0612,0
0,2.0628,0
0,2.0645,0
0,2.0662,0
0,2.0678,0
0,2.0695,0
0,2.0712,0
0,2.0728,0
0,2.0745,0
0,2.0762,0
0,2.0778,0
0,2.0795,0
0,2.0812,0
0,2.0828,0
0,2.0845,0
0,2.0862,0
0,2.0878,0
0,2.0895,0
0,2.0912,0
0,2.0928,0
0,2.0945,0
0,2.0962,0
0,2.0978,0
0,2.0995,0
0,2.1012,0
0,2.1029,0
0,2.1045,0
0,2.1062,0
0,2.1079,0
0,2.1095,0
0,2.1112,0
0,2.1129,0
0,2.1145,0
0,2.1162,0
0,2.1179,0
0,2.1195,0
0,2.1212,0
0,2.1229,0
0,2.1245,0
0,2.1262,-0
0,2.1279,-0
0,2.1295,-0
0,2.1312,-0
0,2.1329,-0
0,2.1345,-0
0,2.1362,-0
0,2.1379,-0
0,2.1395,-0
0,2.1412,-0
0,2.1429,-0
0,2.1445,-0
0,2.1462,-0
0,2.1479,-0
0,2.1495,-0
0,2.1512,-0
0,2.1529,-0
0,2.1545,-0
0,2.1562,-0
0,2.1579,-0
0,2.1595,-0
0,2.1612,-0
0,2.1629,-0
0,2.1645,-0
0,2.1662,-0
0,2.1679,-0
0,2.1695,-0
0,2.1712,-0
0,2.1729,-0
0,2.1745,-0
0,2.1762,-0
0,2.1779,-0
0,2.1795,-0
0,2.1812,-0
0,2.1829,-0
0,2.1845,-0
0,2.1862,-0
0,2.1879,-0
0,2.1895,-0
0,2.1912,-0
0,2.1929,-0
0,2.1945,-0
0,2.1962,-0
0,2.1979,-0
0,2.1995,-0
0,2.2012,-0
0,2.2029,-0
0,2.2045,-0
0,2.2062,-0
0,2.2079,-0
0,2.2095,-0
0,2.2112,-0
0,2.2129,-0
0,2.2145,-0
0,2.2162,-0
0,2.2179,-0
0,2.2195,-0
0,2.2212,-0
0,2.2229,-0
0,2.2245,-0
0,2.2262,-0
0,2.2279,-0
0,2.2295,-0
0,2.2312,-0
0,2.2329,-0
0,2.2345,-0
0,2.2362,-0
0,2.2379,-0
0,2.2395,-0
0,2.2412,-0
0,2.2429,-0
0,2.2445,-0
0,2.2462,-0
0,2.2479,-0
0,2.2495,-0
-0,2.2512,0
-0,2.2529,0
-0,2.2545,0
-0,2.2562,0
-0,2.2579,0
-0,2.2595,0
-0,2.2612,0
-0,2.2629,0
-0,2.2645,0
-0,2.2662,0
-0,2.2679,0
-0,2.2695,0
-0,2.2712,0
-0,2.2729,0
-0,2.2745,0
-0,2.2762,0
-0,2.2779,0
-0,2.2795,0
-0,2.2812,0
-0,2.2829,0
-0,2.2845,0
-0,2.2862,0
-0,2.2879,0
-0,2.2895,0
-0,2.2912,0
-0,2.2929,0
-0,2.2945,0
-0,2.2962,0
-0,2.2979,0
-0,2.2995,0
-0,2.3012,0
-0,2.3029,0
-0,2.3046,0
-0,2.3062,0
-0,2.3079,0
-0,2.3096,0
-0,2.3112,0
-0,2.3129,0
-0,2.3146,0
-0,2.3162,0
-0,2.3179,0
-0,2.3196,0
-0,2.3212,0
-0,2.3229,0
-0,2.3246,0
-0,2.3262,0
-0,2.3279,0
-0,2.3296,0
-0,2.3312,0
-0,2.3329,0
-0,2.3346,0
-0,2.3362,0
-0,2.3379,0
-0,2.3396,0
-0,2.3412,0
-0,2.3429,0
-0,2.3446,0
-0,2.3462,0
-0,2.3479,0
-0,2.3496,0
-0,2.3512,0
-0,2.3529,0
-0,2.3546,0
-0,2.3562,0
-0,2.3579,0
-0,2.3596,0
-0,2.3612,0
-0,2.3629,0
-0,2.3646,0
-0,2.3662,0
-0,2.3679,0
-0,2.3696,0
-0,2.3712,0
-0,2.3729,0
-0,2.3746,0
0,2.3762,0
0,2.3779,0
0,2.3796,0
0,2.3812,0
0,2.3829,0
0,2.3846,0
0,2.3862,0
0,2.3879,0
0,2.3896,0
0,2.3912,0
0,2.3929,0
0,2.3946,0
0,2.3962,0
0,2.3979,0
0,2.3996,0
0,2.4012,0
0,2.4029,0
0,2.4046,0
0,2.4062,0
0,2.4079,0
0,2.4096,0
0,2.4112,0
0,2.4129,0
0,2.4146,0
0,2.4162,0
0,2.4179,0
0,2.4196,0
0,2.4212,0
0,2.4229,0
0,2.4246,0
0,2.4262,0
0,2.4279,0
0,2.4296,0
0,2.4312,0
0,2.4329,0
0,2.4346,0
0,2.4362,0
0,2.4379,0
0,2.4396,0
0,2.4412,0
0,2.4429,0
0,2.4446,0
0,2.4462,0
0,2.4479,0
0,2.4496,0
0,2.4512,0
0,2.4529,0
0,2.4546,0
0,2.4562,0
0,2.4579,0
0,2.4596,0
0,2.4612,0
0,2.4629,0
0,2.4646,0
0,2.4662,0
0,2.4679,0
0,2.4696,0
0,2.4712,0
0,2.4729,0
0,2.4746,0
0,2.4762,0
0,2.4779,0
0,2.4796,0
0,2.4812,0
0,2.4829,0
0,2.4846,0
0,2.4862,0
0,2.4879,0
0,2.4896,0
0,2.4912,0
0,2.4929,0
0,2.4946,0
0,2.4962,0
0,2.4979,0
0,2.4996,0
0,2.5013,0
0,2.5029,0
0,2.5046,0
0,2.5063,0
0,2.5079,0
0,2.5096,0
0,2.5113,0
0,2.5129,0
0,2.5146,0
0,2.5163,0
0,2.5179,0
0,2.5196,0
0,2.5213,0
0,2.5229,0
0,2.5246,0
0,2.5263,0
0,2.5279,0
0,2.5296,0
0,2.5313,0
0,2.5329,0
0,2.5346,0
0,2.5363,0
0,2.5379,0
0,2.5396,0
0,2.5413,0
0,2.5429,0
0,2.5446,0
0,2.5463,0
0,2.5479,0
0,2.5496,0
0,2.5513,0
0,2.5529,0
0,2.5546,0
0,2.5563,0
0,2.5579,0
0,2.5596,0
0,2.5613,0
0,2.5629,0
0,2.5646,0
0,2.5663,0
0,2.5679,0
0,2.5696,0
0,2.5713,0
0,2.5729,0
0,2.5746,0
0,2.5763,0
0,2.5779,0
0,2.5796,0
0,2.5813,0
0,2.5829,0
0,2.5846,0
0,2.5863,0
0,2.5879,0
0,2.5896,0
0,2.5913,0
0,2.5929,0
0,2.5946,0
0,2.5963,0
0,2.5979,0
0,2.5996,0
0,2.6013,0
0,2.6029,0
0,2.6046,0
0,2.6063,0
0,2.6079,0
0,2.6096,0
0,2.6113,0
0,2.6129,0
0,2.6146,0
0,2.6163,0
0,2.6179,0
0,2.6196,0
0,2.6213,0
0,2.6229,0
0,2.6246,0
0,2.6263,-0
0,2.6279,-0
0,2.6296,-0
0,2.6313,-0
0,2.6329,-0
0,2.6346,-0
0,2.6363,-0
0,2.6379,-0
0,2.6396,-0
0,2.6413,-0
0,2.6429,-0
0,2.6446,-0
0,2.6463,-0
0,2.6479,-0
0,2.6496,-0
0,2.6513,-0
0,2.6529,-0
0,2.6546,-0
0,2.6563,-0
0,2.6579,-0
0,2.6596,-0
0,2.6613,-0
0,2.6629,-0
0,2.6646,-0
0,2.6663,-0
0,2.6679,-0
0,2.6696,-0
0,2.6713,-0
0,2.6729,-0
0,2.6746,-0
0,2.6763,-0
0,2.6779,-0
0,2.6796,-0
0,2.6813,-0
0,2.6829,-0
0,2.6846,-0
0,2.6863,-0
0,2.6879,-0
0,2.6896,-0
0,2.6913,-0
0,2.6929,-0
0,2.6946,-0
0,2.6963,-0
0,2.6979,-0
0,2.6996,-0
0,2.7013,-0
0,2.703,-0
0,2.7046,-0
0,2.7063,-0
0,2.708,-0
0,2.7096,-0
0,2.7113,-0
0,2.713,-0
0,2.7146,-0
0,2.7163,-0
0,2.718,-0
0,2.7196,-0
0,2.7213,-0
0,2.723,-0
0,2.7246,-0
0,2.7263,-0
0,2.728,-0
0,2.7296,-0
0,2.7313,-0
0,2.733,-0
0,2.7346,-0
0,2.7363,-0
0,2.738,-0
0,2.7396,-0
0,2.7413,-0
0,2.743,-0
0,2.7446,-0
0,2.7463,-0
0,2.748,-0
0,2.7496,-0
-0,2.7513,0
-0,2.753,0
-0,2.7546,0
-0,2.7563,0
-0,2.758,0
-0,2.7596,0
-0,2.7613,0
-0,2.763,0
-0,2.7646,0
-0,2.7663,0
-0,2.768,0
-0,2.7696,0
-0,2.7713,0
-0,2.773,0
-0,2.7746,0
-0,2.7763,0
-0,2.778,0
-0,2.7796,0
-0,2.7813,0
-0,2.783,0
-0,2.7846,0
-0,2.7863,0
-0,2.788,0
-0,2.7896,0
-0,2.7913,0
-0,2.793,0
-0,2.7946,0
-0,2.7963,0
-0,2.798,0
-0,2.7996,0
-0,2.8013,0
-0,2.803,0
-0,2.8046,0
-0,2.8063,0
-0,2.808,0
-0,2.8096,0
-0,2.8113,0
-0,2.813,0
-0,2.8146,0
-0,2.8163,0
-0,2.818,0
-0,2.8196,0
-0,2.8213,0
-0,2.823,0
-0,2.8246,0
-0,2.8263,0
-0,2.828,0
-0,2.8296,0
-0,2.8313,0
-0,2.833,0
-0,2.8346,0
-0,2.8363,0
-0,2.838,0
-0,2.8396,0
-0,2.8413,0
-0,2.843,0
-0,2.8446,0
-0,2.8463,0
-0,2.848,0
-0,2.8496,0
-0,2.8513,0
-0,2.853,0
-0,2.8546,0
-0,2.8563,0
-0,2.858,0
-0,2.8596,0
-0,2.8613,0
-0,2.863,0
-0,2.8646,0
-0,2.8663,0
-0,2.868,0
-0,2.8696,0
-0,2.8713,0
-0,2.873,0
-0,2.8746,0
0,2.8763,0
0,2.878,0
0,2.8796,0
0,2.8813,0
0,2.883,0
0,2.8846,0
0,2.8863,0
0,2.888,0
0,2.8896,0
0,2.8913,0
0,2.893,0
0,2.8946,0
0,2.8963,0
0,2.898,0
0,2.8996,0
0,2.9013,0
0,2.903,0
0,2.9047,0
0,2.9063,0
0,2.908,0
0,2.9097,0
0,2.9113,0
0,2.913,0
0,2.9147,0
0,2.9163,0
0,2.918,0
0,2.9197,0
0,2.9213,0
0,2.923,0
0,2.9247,0
0,2.9263,0
0,2.928,0
0,2.9297,0
0,2.9313,0
0,2.933,0
0,2.9347,0
0,2.9363,0
0,2.938,0
0,2.9397,0
0,2.9413,0
0,2.943,0
0,2.9447,0
0,2.9463,0
0,2.948,0
0,2.9497,0
0,2.9513,0
0,2.953,0
0,2.9547,0
0,2.9563,0
0,2.958,0
0,2.9597,0
0,2.9613,0
0,2.963,0
0,2.9647,0
0,2.9663,0
0,2.968,0
0,2.9697,0
0,2.9713,0
0,2.973,0
0,2.9747,0
0,2.9763,0
0,2.978,0
0,2.9797,0
0,2.9813,0
0,2.983,0
0,2.9847,0
0,2.9863,0
0,2.988,0
0,2.9897,0
0,2.9913,0
0,2.993,0
0,2.9947,0
0,2.9963,0
0,2.998,0
0,2.9997,0
0,3.0013,0
0,3.003,0
0,3.0047,0
0,3.0063,0
0,3.008,0
0,3.0097,0
0,3.0113,0
0,3.013,0
0,3.0147,0
0,3.0163,0
0,3.018,0
0,3.0197,0
0,3.0213,0
0,3.023,0
0,3.0247,0
0,3.0263,0
0,3.028,0
0,3.0297,0
0,3.0313,0
0,3.033,0
0,3.0347,0
0,3.0363,0
0,3.038,0
0,3.0397,0
0,3.0413,0
0,3.043,0
0,3.0447,0
0,3.0463,0
0,3.048,0
0,3.0497,0
0,3.0513,0
0,3.053,0
0,3.0547,0
0,3.0563,0
0,3.058,0
0,3.0597,0
0,3.0613,0
0,3.063,0
0,3.0647,0
0,3.0663,0
0,3.068,0
0,3.0697,0
0,3.0713,0
0,3.073,0
0,3.0747,0
0,3.0763,0
0,3.078,0
0,3.0797,0
0,3.0813,0
0,3.083,0
0,3.0847,0
0,3.0863,0
0,3.088,0
0,3.0897,0
0,3.0913,0
0,3.093,0
0,3.0947,0
0,3.0963,0
0,3.098,0
0,3.0997,0
0,3.1014,0
0,3.103,0
0,3.1047,0
0,3.1064,0
0,3.108,0
0,3.1097,0
0,3.1114,0
0,3.113,0
0,3.1147,0
0,3.1164,0
0,3.118,0
0,3.1197,0
0,3.1214,0
0,3.123,0
0,3.1247,0
0,3.1264,-0
0,3.128,-0
0,3.1297,-0
0,3.1314,-0
0,3.133,-0
0,3.1347,-0
0,3.1364,-0
0,3.138,-0
0,3.1397,-0
0,3.1414,-0
0,3.143,-0
0,3.1447,-0
0,3.1464,-0
0,3.148,-0
0,3.1497,-0
0,3.1514,-0
0,3.153,-0
0,3.1547,-0
0,3.1564,-0
0,3.158,-0
0,3.1597,-0
0,3.1614,-0
0,3.163,-0
0,3.1647,-0
0,3.1664,-0
0,3.168,-0
0,3.1697,-0
0,3.1714,-0
0,3.173,-0
0,3.1747,-0
0,3.1764,-0
0,3.178,-0
0,3.1797,-0
0,3.1814,-0
0,3.183,-0
0,3.1847,-0
0,3.1864,-0
0,3.188,-0
0,3.1897,-0
0,3.1914,-0
0,3.193,-0
0,3.1947,-0
0,3.1964,-0
0,3.198,-0
0,3.1997,-0
0,3.2014,-0
0,3.203,-0
0,3.2047,-0
0,3.2064,-0
0,3.208,-0
0,3.2097,-0
0,3.2114,-0
0,3.213,-0
0,3.2147,-0
0,3.2164,-0
0,3.218,-0
0,3.2197,-0
0,3.2214,-0
0,3.223,-0
0,3.2247,-0
0,3.2264,-0
0,3.228,-0
0,3.2297,-0
0,3.2314,-0
0,3.233,-0
0,3.2347,-0
0,3.2364,-0
0,3.238,-0
0,3.2397,-0
0,3.2414,-0
0,3.243,-0
0,3.2447,-0
0,3.2464,-0
0,3.248,-0
0,3.2497,-0
-0,3.2514,0
-0,3.253,0
-0,3.2547,0
-0,3.2564,0
-0,3.258,0
-0,3.2597,0
-0,3.2614,0
-0,3.263,0
-0,3.2647,0
-0,3.2664,0
-0,3.268,0
-0,3.2697,0
-0,3.2714,0
-0,3.273,0
-0,3.2747,0
-0,3.2764,0
-0,3.278,0
-0,3.2797,0
-0,3.2814,0
-0,3.283,0
-0,3.2847,0
-0,3.2864,0
-0,3.288,0
-0,3.2897,0
-0,3.2914,0
-0,3.293,0
-0,3.2947,0
-0,3.2964,0
-0,3.298,0
-0,3.2997,0
-0,3.3014,0
-0,3.3031,0
-0,3.3047,0
-0,3.3064,0
-0,3.3081,0
-0,3.3097,0
-0,3.3114,0
-0,3.3131,0
-0,3.3147,0
-0,3.3164,0
-0,3.3181,0
-0,3.3197,0
-0,3.3214,0
-0,3.3231,0
-0,3.3247,0
-0,3.3264,0
-0,3.3281,0
-0,3.3297,0
-0,3.3314,0
-0,3.3331,0
-0,3.3347,0
-0,3.3364,0
-0,3.3381,0
-0,3.3397,0
-0,3.3414,0
-0,3.3431,0
-0,3.3447,0
-0,3.3464,0
-0,3.3481,0
-0,3.3497,0
-0,3.3514,0
-0,3.3531,0
-0,3.3547,0
-0,3.3564,0
-0,3.3581,0
-0,3.3597,0
-0,3.3614,0
-0,3.3631,0
-0,3.3647,0
-0,3.3664,0
-0,3.3681,0
-0,3.3697,0
-0,3.3714,0
-0,3.3731,0
-0,3.3747,0
0,3.3764,0
0,3.3781,0
0,3.3797,0
0,3.3814,0
0,3.3831,0
0,3.3847,0
0,3.3864,0
0,3.3881,0
0,3.3897,0
0,3.3914,0
0,3.3931,0
0,3.3947,0
0,3.3964,0
0,3.3981,0
0,3.3997,0
0,3.4014,0
0,3.4031,0
0,3.4047,0
0,3.4064,0
0,3.4081,0
0,3.4097,0
0,3.4114,0
0,3.4131,0
0,3.4147,0
0,3.4164,0
0,3.4181,0
0,3.4197,0
0,3.4214,0
0,3.4231,0
0,3.4247,0
0,3.4264,0
0,3.4281,0
0,3.4297,0
0,3.4314,0
0,3.4331,0
0,3.4347,0
0,3.4364,0
0,3.4381,0
0,3.4397,0
0,3.4414,0
0,3.4431,0
0,3.4447,0
0,3.4464,0
0,3.4481,0
0,3.4497,0
0,3.4514,0
0,3.4531,0
0,3.4547,0
0,3.4564,0
0,3.4581,0
0,3.4597,0
0,3.4614,0
0,3.4631,0
0,3.4647,0
0,3.4664,0
0,3.4681,0
0,3.4697,0
0,3.4714,0
0,3.4731,0
0,3.4747,0
0,3.4764,0
0,3.4781,0
0,3.4797,0
0,3.4814,0
0,3.4831,0
0,3.4847,0
0,3.4864,0
0,3.4881,0
0,3.4897,0
0,3.4914,0
0,3.4931,0
0,3.4947,0
0,3.4964,0
0,3.4981,0
0,3.4997,0
0,3.5014,0
0,3.5031,0
0,3.5048,0
0,3.5064,0
0,3.5081,0
0,3.5098,0
0,3.5114,0
0,3.5131,0
0,3.5148,0
0,3.5164,0
0,3.5181,0
0,3.5198,0
0,3.5214,0
0,3.5231,0
0,3.5248,0
0,3.5264,0
0,3.5281,0
0,3.5298,0
0,3.5314,0
0,3.5331,0
0,3.5348,0
0,3.5364,0
0,3.5381,0
0,3.5398,0
0,3.5414,0
0,3.5431,0
0,3.5448,0
0,3.5464,0
0,3.5481,0
0,3.5498,0
0,3.5514,0
0,3.5531,0
0,3.5548,0
0,3.5564,0
0,3.5581,0
0,3.5598,0
0,3.5614,0
0,3.5631,0
0,3.5648,0
0,3.5664,0
0,3.5681,0
0,3.5698,0
0,3.5714,0
0,3.5731,0
0,3.5748,0
0,3.5764,0
0,3.5781,0
0,3.5798,0
0,3.5814,0
0,3.5831,0
0,3.5848,0
0,3.5864,0
0,3.5881,0
0,3.5898,0
0,3.5914,0
0,3.5931,0
0,3.5948,0
0,3.5964,0
0,3.5981,0
0,3.5998,0
0,3.6014,0
0,3.6031,0
0,3.6048,0
0,3.6064,0
0,3.6081,0
0,3.6098,0
0,3.6114,0
0,3.6131,0
0,3.6148,0
0,3.6164,0
0,3.6181,0
0,3.6198,0
0,3.6214,0
0,3.6231,0
0,3.6248,0
0,3.6264,-0
0,3.6281,-0
0,3.6298,-0
0,3.6314,-0
0,3.6331,-0
0,3.6348,-0
0,3.6364,-0
0,3.6381,-0
0,3.6398,-0
0,3.6414,-0
0,3.6431,-0
0,3.6448,-0
0,3.6464,-0
0,3.6481,-0
0,3.6498,-0
0,3.6514,-0
0,3.6531,-0
0,3.6548,-0
0,3.6564,-0
0,3.6581,-0
0,3.6598,-0
0,3.6614,-0
0,3.6631,-0
0,3.6648,-0
0,3.6664,-0
0,3.6681,-0
0,3.6698,-0
0,3.6714,-0
0,3.6731,-0
0,3.6748,-0
0,3.6764,-0
0,3.6781,-0
0,3.6798,-0
0,3.6814,-0
0,3.6831,-0
0,3.6848,-0
0,3.6864,-0
0,3.6881,-0
0,3.6898,-0
0,3.6914,-0
0,3.6931,-0
0,3.6948,-0
0,3.6964,-0
0,3.6981,-0
0,3.6998,-0
0,3.7015,-0
0,3.7031,-0
0,3.7048,-0
0,3.7065,-0
0,3.7081,-0
0,3.7098,-0
0,3.7115,-0
0,3.7131,-0
0,3.7148,-0
0,3.7165,-0
0,3.7181,-0
0,3.7198,-0
0,3.7215,-0
0,3.7231,-0
0,3.7248,-0
0,3.7265,-0
0,3.7281,-0
0,3.7298,-0
0,3.7315,-0
0,3.7331,-0
0,3.7348,-0
0,3.7365,-0
0,3.7381,-0
0,3.7398,-0
0,3.7415,-0
0,3.7431,-0
0,3.7448,-0
0,3.7465,-0
0,3.7481,-0
0,3.7498,-0
-0,3.7515,0
-0,3.7531,0
-0,3.7548,0
-0,3.7565,0
-0,3.7581,0
-0,3.7598,0
-0,3.7615,0
-0,3.7631,0
-0,3.7648,0
-0,3.7665,0
-0,3.7681,0
-0,3.7698,0
-0,3.7715,0
-0,3.7731,0
-0,3.7748,0
-0,3.7765,0
-0,3.7781,0
-0,3.7798,0
-0,3.7815,0
-0,3.7831,0
-0,3.7848,0
-0,3.7865,0
-0,3.7881,0
-0,3.7898,0
-0,3.7915,0
-0,3.7931,0
-0,3.7948,0
-0,3.7965,0
-0,3.7981,0
-0,3.7998,0
-0,3.8015,0
-0,3.8031,0
-0,3.8048,0
-0,3.8065,0
-0,3.8081,0
-0,3.8098,0
-0,3.8115,0
-0,3.8131,0
-0,3.8148,0
-0,3.8165,0
-0,3.8181,0
-0,3.8198,0
-0,3.8215,0
-0,3.8231,0
-0,3.8248,0
-0,3.8265,0
-0,3.8281,0
-0,3.8298,0
-0,3.8315,0
-0,3.8331,0
-0,3.8348,0
-0,3.8365,0
-0,3.8381,0
-0,3.8398,0
-0,3.8415,0
-0,3.8431,0
-0,3.8448,0
-0,3.8465,0
-0,3.8481,0
-0,3.8498,0
-0,3.8515,0
-0,3.8531,0
-0,3.8548,0
-0,3.8565,0
-0,3.8581,0
-0,3.8598,0
-0,3.8615,0
-0,3.8631,0
-0,3.8648,0
-0,3.8665,0
-0,3.8681,0
-0,3.8698,0
-0,3.8715,0
-0,3.8731,0
-0,3.8748,0
0,3.8765,0
0,3.8781,0
0,3.8798,0
0,3.8815,0
0,3.8831,0
0,3.8848,0
0,3.8865,0
0,3.8881,0
0,3.8898,0
0,3.8915,0
0,3.8931,0
0,3.8948,0
0,3.8965,0
0,3.8981,0
0,3.8998,0
0,3.9015,0
0,3.9032,0
0,3.9048,0
0,3.9065,0
0,3.9082,0
0,3.9098,0
0,3.9115,0
0,3.9132,0
0,3.9148,0
0,3.9165,0
0,3.9182,0
0,3.9198,0
0,3.9215,0
0,3.9232,0
0,3.9248,0
0,3.9265,0
0,3.9282,0
0,3.9298,0
0,3.9315,0
0,3.9332,0
0,3.9348,0
0,3.9365,0
0,3.9382,0
0,3.9398,0
0,3.9415,0
0,3.9432,0
0,3.9448,0
0,3.9465,0
0,3.9482,0
0,3.9498,0
0,3.9515,0
0,3.9532,0
0,3.9548,0
0,3.9565,0
0,3.9582,0
0,3.9598,0
0,3.9615,0
0,3.9632,0
0,3.9648,0
0,3.9665,0
0,3.9682,0
0,3.9698,0
0,3.9715,0
0,3.9732,0
0,3.9748,0
0,3.9765,0
0,3.9782,0
0,3.9798,0
0,3.9815,0
0,3.9832,0
0,3.9848,0
0,3.9865,0
0,3.9882,0
0,3.9898,0
0,3.9915,0
0,3.9932,0
0,3.9948,0
0,3.9965,0
0,3.9982,0
0,3.9998,0
0,4.0015,0
0,4.0032,0
0,4.0048,0
0,4.0065,0
0,4.0082,0
0,4.0098,0
0,4.0115,0
0,4.0132,0
0,4.0148,0
0,4.0165,0
0,4.0182,0
0,4.0198,0
0,4.0215,0
0,4.0232,0
0,4.0248,0
0,4.0265,0
0,4.0282,0
0,4.0298,0
0,4.0315,0
0,4.0332,0
0,4.0348,0
0,4.0365,0
0,4.0382,0
0,4.0398,0
0,4.0415,0
0,4.0432,0
0,4.0448,0
0,4.0465,0
0,4.0482,0
0,4.0498,0
0,4.0515,0
0,4.0532,0
0,4.0548,0
0,4.0565,0
0,4.0582,0
0,4.0598,0
0,4.0615,0
0,4.0632,0
0,4.0648,0
0,4.0665,0
0,4.0682,0
0,4.0698,0
0,4.0715,0
0,4.0732,0
0,4.0748,0
0,4.0765,0
0,4.0782,0
0,4.0798,0
0,4.0815,0
0,4.0832,0
0,4.0848,0
0,4.0865,0
0,4.0882,0
0,4.0898,0
0,4.0915,0
0,4.0932,0
0,4.0948,0
0,4.0965,0
0,4.0982,0
0,4.0998,0
0,4.1015,0
0,4.1032,0
0,4.1049,0
0,4.1065,0
0,4.1082,0
0,4.1099,0
0,4.1115,0
0,4.1132,0
0,4.1149,0
0,4.1165,0
0,4.1182,0
0,4.1199,0
0,4.1215,0
0,4.1232,0
0,4.1249,0
0,4.1265,-0
0,4.1282,-0
0,4.1299,-0
0,4.1315,-0
0,4.1332,-0
0,4.1349,-0
0,4.1365,-0
0,4.1382,-0
0,4.1399,-0
0,4.1415,-0
0,4.1432,-0
0,4.1449,-0
0,4.1465,-0
0,4.1482,-0
0,4.1499,-0
0,4.1515,-0
0,4.1532,-0
0,4.1549,-0
0,4.1565,-0
0,4.1582,-0
0,4.1599,-0
0,4.1615,-0
0,4.1632,-0
0,4.1649,-0
0,4.1665,-0
0,4.1682,-0
0,4.1699,-0
0,4.1715,-0
0,4.1732,-0
0,4.1749,-0
0,4.1765,-0
0,4.1782,-0
0,4.1799,-0
0,4.1815,-0
0,4.1832,-0
0,4.1849,-0
0,4.1865,-0
0,4.1882,-0
0,4.1899,-0
0,4.1915,-0
0,4.1932,-0
0,4.1949,-0
0,4.1965,-0
0,4.1982,-0
0,4.1999,-0
0,4.2015,-0
0,4.2032,-0
0,4.2049,-0
0,4.2065,-0
0,4.2082,-0
0,4.2099,-0
0,4.2115,-0
0,4.2132,-0
0,4.2149,-0
0,4.2165,-0
0,4.2182,-0
0,4.2199,-0
0,4.2215,-0
0,4.2232,-0
0,4.2249,-0
0,4.2265,-0
0,4.2282,-0
0,4.2299,-0
0,4.2315,-0
0,4.2332,-0
0,4.2349,-0
0,4.2365,-0
0,4.2382,-0
0,4.2399,-0
0,4.2415,-0
0,4.2432,-0
0,4.2449,-0
0,4.2465,-0
0,4.2482,-0
0,4.2499,-0
-0,4.2515,0
-0,4.2532,0
-0,4.2549,0
-0,4.2565,0
-0,4.2582,0
-0,4.2599,0
-0,4.2615,0
-0,4.2632,0
-0,4.2649,0
-0,4.2665,0
-0,4.2682,0
-0,4.2699,0
-0,4.2715,0
-0,4.2732,0
-0,4.2749,0
-0,4.2765,0
-0,4.2782,0
-0,4.2799,0
-0,4.2815,0
-0,4.2832,0
-0,4.2849,0
-0,4.2865,0
-0,4.2882,0
-0,4.2899,0
-0,4.2915,0
-0,4.2932,0
-0,4.2949,0
-0,4.2965,0
-0,4.2982,0
-0,4.2999,0
-0,4.3016,0
-0,4.3032,0
-0,4.3049,0
-0,4.3066,0
-0,4.3082,0
-0,4.3099,0
-0,4.3116,0
-0,4.3132,0
-0,4.3149,0
-0,4.3166,0
-0,4.3182,0
-0,4.3199,0
-0,4.3216,0
-0,4.3232,0
-0,4.3249,0
-0,4.3266,0
-0,4.3282,0
-0,4.3299,0
-0,4.3316,0
-0,4.3332,0
-0,4.3349,0
-0,4.3366,0
-0,4.3382,0
-0,4.3399,0
-0,4.3416,0
-0,4.3432,0
-0,4.3449,0
-0,4.3466,0
-0,4.3482,0
-0,4.3499,0
-0,4.3516,0
-0,4.3532,0
-0,4.3549,0
-0,4.3566,0
-0,4.3582,0
-0,4.3599,0
-0,4.3616,0
-0,4.3632,0
-0,4.3649,0
-0,4.3666,0
-0,4.3682,0
-0,4.3699,0
-0,4.3716,0
-0,4.3732,0
-0,4.3749,0
0,4.3766,0
0,4.3782,0
0,4.3799,0
0,4.3816,0
0,4.3832,0
0,4.3849,0
0,4.3866,0
0,4.3882,0
0,4.3899,0
0,4.3916,0
0,4.3932,0
0,4.3949,0
0,4.3966,0
0,4.3982,0
0,4.3999,0
0,4.4016,0
0,4.4032,0
0,4.4049,0
0,4.4066,0
0,4.4082,0
0,4.4099,0
0,4.4116,0
0,4.4132,0
0,4.4149,0
0,4.4166,0
0,4.4182,0
0,4.4199,0
0,4.4216,0
0,4.4232,0
0,4.4249,0
0,4.4266,0
0,4.4282,0
0,4.4299,0
0,4.4316,0
0,4.4332,0
0,4.4349,0
0,4.4366,0
0,4.4382,0
0,4.4399,0
0,4.4416,0
0,4.4432,0
0,4.4449,0
0,4.4466,0
0,4.4482,0
0,4.4499,0
0,4.4516,0
0,4.4532,0
0,4.4549,0
0,4.4566,0
0,4.4582,0
0,4.4599,0
0,4.4616,0
0,4.4632,0
0,4.4649,0
0,4.4666,0
0,4.4682,0
0,4.4699,0
0,4.4716,0
0,4.4732,0
0,4.4749,0
0,4.4766,0
0,4.4782,0
0,4.4799,0
0,4.4816,0
0,4.4832,0
0,4.4849,0
0,4.4866,0
0,4.4882,0
0,4.4899,0
0,4.4916,0
0,4.4932,0
0,4.4949,0
0,4.4966,0
0,4.4982,0
0,4.4999,0
0,4.5016,0
0,4.5033,0
0,4.5049,0
0,4.5066,0
0,4.5083,0
0,4.5099,0
0,4.5116,0
0,4.5133,0
0,4.5149,0
0,4.5166,0
0,4.5183,0
0,4.5199,0
0,4.5216,0
0,4.5233,0
0,4.5249,0
0,4.5266,0
0,4.5283,0
0,4.5299,0
0,4.5316,0
0,4.5333,0
0,4.5349,0
0,4.5366,0
0,4.5383,0
0,4.5399,0
0,4.5416,0
0,4.5433,0
0,4.5449,0
0,4.5466,0
0,4.5483,0
0,4.5499,0
0,4.5516,0
0,4.5533,0
0,4.5549,0
0,4.5566,0
0,4.5583,0
0,4.5599,0
0,4.5616,0
0,4.5633,0
0,4.5649,0
0,4.5666,0
0,4.5683,0
0,4.5699,0
0,4.5716,0
0,4.5733,0
0,4.5749,0
0,4.5766,0
0,4.5783,0
0,4.5799,0
0,4.5816,0
0,4.5833,0
0,4.5849,0
0,4.5866,0
0,4.5883,0
0,4.5899,0
0,4.5916,0
0,4.5933,0
0,4.5949,0
0,4.5966,0
0,4.5983,0
0,4.5999,0
0,4.6016,0
0,4.6033,0
0,4.6049,0
0,4.6066,0
0,4.6083,0
0,4.6099,0
0,4.6116,0
0,4.6133,0
0,4.6149,0
0,4.6166,0
0,4.6183,0
0,4.6199,0
0,4.6216,0
0,4.6233,0
0,4.6249,0
0,4.6266,-0
0,4.6283,-0
0,4.6299,-0
0,4.6316,-0
0,4.6333,-0
0,4.6349,-0
0,4.6366,-0
0,4.6383,-0
0,4.6399,-0
0,4.6416,-0
0,4.6433,-0
0,4.6449,-0
0,4.6466,-0
0,4.6483,-0
0,4.6499,-0
0,4.6516,-0
0,4.6533,-0
0,4.6549,-0
0,4.6566,-0
0,4.6583,-0
0,4.6599,-0
0,4.6616,-0
0,4.6633,-0
0,4.6649,-0
0,4.6666,-0
0,4.6683,-0
0,4.6699,-0
0,4.6716,-0
0,4.6733,-0
0,4.6749,-0
0,4.6766,-0
0,4.6783,-0
0,4.6799,-0
0,4.6816,-0
0,4.6833,-0
0,4.6849,-0
0,4.6866,-0
0,4.6883,-0
0,4.6899,-0
0,4.6916,-0
0,4.6933,-0
0,4.6949,-0
0,4.6966,-0
0,4.6983,-0
0,4.6999,-0
0,4.7016,-0
0,4.7033,-0
0,4.705,-0
0,4.7066,-0
0,4.7083,-0
0,4.71,-0
0,4.7116,-0
0,4.7133,-0
0,4.715,-0
0,4.7166,-0
0,4.7183,-0
0,4.72,-0
0,4.7216,-0
0,4.7233,-0
0,4.725,-0
0,4.7266,-0
0,4.7283,-0
0,4.73,-0
0,4.7316,-0
0,4.7333,-0
0,4.735,-0
0,4.7366,-0
0,4.7383,-0
0,4.74,-0
0,4.7416,-0
0,4.7433,-0
0,4.745,-0
0,4.7466,-0
0,4.7483,-0
0,4.75,-0
-0,4.7516,0
-0,4.7533,0
-0,4.755,0
-0,4.7566,0
-0,4.7583,0
-0,4.76,0
-0,4.7616,0
-0,4.7633,0
-0,4.765,0
-0,4.7666,0
-0,4.7683,0
-0,4.77,0
-0,4.7716,0
-0,4.7733,0
-0,4.775,0
-0,4.7766,0
-0,4.7783,0
-0,4.78,0
-0,4.7816,0
-0,4.7833,0
-0,4.785,0
-0,4.7866,0
-0,4.7883,0
-0,4.79,0
-0,4.7916,0
-0,4.7933,0
-0,4.795,0
-0,4.7966,0
-0,4.7983,0
-0,4.8,0
-0,4.8016,0
-0,4.8033,0
-0,4.805,0
-0,4.8066,0
-0,4.8083,0
-0,4.81,0
-0,4.8116,0
-0,4.8133,0
-0,4.815,0
-0,4.8166,0
-0,4.8183,0
-0,4.82,0
-0,4.8216,0
-0,4.8233,0
-0,4.825,0
-0,4.8266,0
-0,4.8283,0
-0,4.83,0
-0,4.8316,0
-0,4.8333,0
-0,4.835,0
-0,4.8366,0
-0,4.8383,0
-0,4.84,0
-0,4.8416,0
-0,4.8433,0
-0,4.845,0
-0,4.8466,0
-0,4.8483,0
-0,4.85,0
-0,4.8516,0
-0,4.8533,0
-0,4.855,0
-0,4.8566,0
-0,4.8583,0
-0,4.86,0
-0,4.8616,0
-0,4.8633,0
-0,4.865,0
-0,4.8666,0
-0,4.8683,0
-0,4.87,0
-0,4.8716,0
-0,4.8733,0
-0,4.875,0
0,4.8766,0
0,4.8783,0
0,4.88,0
0,4.8816,0
0,4.8833,0
0,4.885,0
0,4.8866,0
0,4.8883,0
0,4.89,0
0,4.8916,0
0,4.8933,0
0,4.895,0
0,4.8966,0
0,4.8983,0
0,4.9,0
0,4.9017,0
0,4.9033,0
0,4.905,0
0,4.9067,0
0,4.9083,0
0,4.91,0
0,4.9117,0
0,4.9133,0
0,4.915,0
0,4.9167,0
0,4.9183,0
0,4.92,0
0,4.9217,0
0,4.9233,0
0,4.925,0
0,4.9267,0
0,4.9283,0
0,4.93,0
0,4.9317,0
0,4.9333,0
0,4.935,0
0,4.9367,0
0,4.9383,0
0,4.94,0
0,4.9417,0
0,4.9433,0
0,4.945,0
0,4.9467,0
0,4.9483,0
0,4.95,0
0,4.9517,0
0,4.9533,0
0,4.955,0
0,4.9567,0
0,4.9583,0
0,4.96,0
0,4.9617,0
0,4.9633,0
0,4.965,0
0,4.9667,0
0,4.9683,0
0,4.97,0
0,4.9717,0
0,4.9733,0
0,4.975,0
0,4.9767,0
0,4.9783,0
0,4.98,0
0,4.9817,0
0,4.9833,0
0,4.985,0
0,4.9867,0
0,4.9883,0
0,4.99,0
0,4.9917,0
0,4.9933,0
0,4.995,0
0,4.9967,0
0,4.9983,0
0,5,0
