0,0,0.14514
0,1.001e-08,0.15274
0,2.002e-08,0.16049
0,3.003e-08,0.16839
0,4.004e-08,0.17643
0,5.005e-08,0.1846
0,6.006e-08,0.19292
0,7.007e-08,0.20138
0,8.008e-08,0.20997
0,9.009e-08,0.2187
0,1.001e-07,0.22756
0,1.1011e-07,0.23655
0,1.2012e-07,0.24566
0,1.3013e-07,0.2549
0,1.4014e-07,0.26426
0,1.5015e-07,0.27375
0,1.6016e-07,0.28335
0,1.7017e-07,0.29306
0,1.8018e-07,0.30289
0,1.9019e-07,0.31283
0,2.002e-07,0.32288
0,2.1021e-07,0.33302
0,2.2022e-07,0.34327
0,2.3023e-07,0.35362
0,2.4024e-07,0.36406
0,2.5025e-07,0.3746
0,2.6026e-07,0.38522
0,2.7027e-07,0.39593
0,2.8028e-07,0.40671
0,2.9029e-07,0.41758
0,3.003e-07,0.42852
0,3.1031e-07,0.43954
0,3.2032e-07,0.45062
0,3.3033e-07,0.46177
0,3.4034e-07,0.47298
0,3.5035e-07,0.48424
0,3.6036e-07,0.49556
0,3.7037e-07,0.50693
0,3.8038e-07,0.51835
0,3.9039e-07,0.52981
0,4.004e-07,0.54131
0,4.1041e-07,0.55284
0,4.2042e-07,0.56441
0,4.3043e-07,0.576
0,4.4044e-07,0.58762
0,4.5045e-07,0.59926
0,4.6046e-07,0.61091
0,4.7047e-07,0.62258
0,4.8048e-07,0.63426
0,4.9049e-07,0.64594
0,5.005e-07,0.65763
0,5.1051e-07,0.66931
0,5.2052e-07,0.68098
0,5.3053e-07,0.69265
0,5.4054e-07,0.7043
0,5.5055e-07,0.71594
0,5.6056e-07,0.72756
0,5.7057e-07,0.73915
0,5.8058e-07,0.75071
0,5.9059e-07,0.76224
0,6.006e-07,0.77374
0,6.1061e-07,0.7852
0,6.2062e-07,0.79662
0,6.3063e-07,0.80799
0,6.4064e-07,0.81931
0,6.5065e-07,0.83058
0,6.6066e-07,0.8418
0,6.7067e-07,0.85296
0,6.8068e-07,0.86406
0,6.9069e-07,0.87509
0,7.007e-07,0.88605
0,7.1071e-07,0.89695
0,7.2072e-07,0.90777
0,7.3073e-07,0.91851
0,7.4074e-07,0.92918
0,7.5075e-07,0.93976
0,7.6076e-07,0.95026
0,7.7077e-07,0.96067
0,7.8078e-07,0.97099
0,7.9079e-07,0.98122
0,8.008e-07,0.99136
0,8.1081e-07,1.0014
0,8.2082e-07,1.0113
0,8.3083e-07,1.0212
0,8.4084e-07,1.0309
0,8.5085e-07,1.0406
0,8.6086e-07,1.0501
0,8.7087e-07,1.0595
0,8.8088e-07,1.0688
0,8.9089e-07,1.078
0,9.009e-07,1.0871
0,9.1091e-07,1.0961
0,9.2092e-07,1.1049
0,9.3093e-07,1.1137
0,9.4094e-07,1.1223
0,9.5095e-07,1.1308
0,9.6096e-07,1.1392
0,9.7097e-07,1.1474
0,9.8098e-07,1.1556
0,9.9099e-07,1.1636
0,1.001e-06,1.1715
0,1.011e-06,1.1793
0,1.021e-06,1.1869
0,1.031e-06,1.1944
0,1.041e-06,1.2018
0,1.0511e-06,1.2091
0,1.0611e-06,1.2163
0,1.0711e-06,1.2233
0,1.0811e-06,1.2302
0,1.0911e-06,1.237
0,1.1011e-06,1.2437
0,1.1111e-06,1.2502
0,1.1211e-06,1.2566
0,1.1311e-06,1.2629
0,1.1411e-06,1.2691
0,1.1512e-06,1.2752
0,1.1612e-06,1.2811
0,1.1712e-06,1.2869
0,1.1812e-06,1.2926
0,1.1912e-06,1.2982
0,1.2012e-06,1.3037
0,1.2112e-06,1.3091
0,1.2212e-06,1.3143
0,1.2312e-06,1.3195
0,1.2412e-06,1.3245
0,1.2513e-06,1.3294
0,1.2613e-06,1.3342
0,1.2713e-06,1.339
0,1.2813e-06,1.3436
0,1.2913e-06,1.3481
0,1.3013e-06,1.3525
0,1.3113e-06,1.3568
0,1.3213e-06,1.3611
0,1.3313e-06,1.3652
0,1.3413e-06,1.3692
0,1.3514e-06,1.3732
0,1.3614e-06,1.3771
0,1.3714e-06,1.3808
0,1.3814e-06,1.3845
0,1.3914e-06,1.3882
0,1.4014e-06,1.3917
0,1.4114e-06,1.3952
0,1.4214e-06,1.3986
0,1.4314e-06,1.4019
0,1.4414e-06,1.4052
0,1.4515e-06,1.4084
0,1.4615e-06,1.4115
0,1.4715e-06,1.4146
0,1.4815e-06,1.4176
0,1.4915e-06,1.4205
0,1.5015e-06,1.4234
0,1.5115e-06,1.4263
0,1.5215e-06,1.4291
0,1.5315e-06,1.4318
0,1.5415e-06,1.4345
0,1.5516e-06,1.4372
0,1.5616e-06,1.4398
0,1.5716e-06,1.4424
0,1.5816e-06,1.445
0,1.5916e-06,1.4475
0,1.6016e-06,1.45
0,1.6116e-06,1.4524
0,1.6216e-06,1.4549
0,1.6316e-06,1.4573
0,1.6416e-06,1.4597
0,1.6517e-06,1.462
0,1.6617e-06,1.4644
0,1.6717e-06,1.4667
0,1.6817e-06,1.4691
0,1.6917e-06,1.4714
0,1.7017e-06,1.4737
0,1.7117e-06,1.476
0,1.7217e-06,1.4783
0,1.7317e-06,1.4806
0,1.7417e-06,1.4828
0,1.7518e-06,1.4851
0,1.7618e-06,1.4874
0,1.7718e-06,1.4897
0,1.7818e-06,1.492
0,1.7918e-06,1.4943
0,1.8018e-06,1.4966
0,1.8118e-06,1.4989
0,1.8218e-06,1.5012
0,1.8318e-06,1.5035
0,1.8418e-06,1.5059
0,1.8519e-06,1.5082
0,1.8619e-06,1.5106
0,1.8719e-06,1.5129
0,1.8819e-06,1.5153
0,1.8919e-06,1.5177
0,1.9019e-06,1.5202
0,1.9119e-06,1.5226
0,1.9219e-06,1.5251
0,1.9319e-06,1.5275
0,1.9419e-06,1.53
0,1.952e-06,1.5325
0,1.962e-06,1.535
0,1.972e-06,1.5376
0,1.982e-06,1.5401
0,1.992e-06,1.5427
0,2.002e-06,1.5453
0,2.012e-06,1.5479
0,2.022e-06,1.5506
0,2.032e-06,1.5532
0,2.042e-06,1.5559
0,2.0521e-06,1.5585
0,2.0621e-06,1.5612
0,2.0721e-06,1.564
0,2.0821e-06,1.5667
0,2.0921e-06,1.5694
0,2.1021e-06,1.5722
0,2.1121e-06,1.575
0,2.1221e-06,1.5777
0,2.1321e-06,1.5805
0,2.1421e-06,1.5833
0,2.1522e-06,1.5861
0,2.1622e-06,1.589
0,2.1722e-06,1.5918
0,2.1822e-06,1.5946
0,2.1922e-06,1.5975
0,2.2022e-06,1.6003
0,2.2122e-06,1.6032
0,2.2222e-06,1.606
0,2.2322e-06,1.6089
0,2.2422e-06,1.6117
0,2.2523e-06,1.6145
0,2.2623e-06,1.6174
0,2.2723e-06,1.6202
0,2.2823e-06,1.6231
0,2.2923e-06,1.6259
0,2.3023e-06,1.6287
0,2.3123e-06,1.6315
0,2.3223e-06,1.6343
0,2.3323e-06,1.637
0,2.3423e-06,1.6398
0,2.3524e-06,1.6425
0,2.3624e-06,1.6453
0,2.3724e-06,1.648
0,2.3824e-06,1.6506
0,2.3924e-06,1.6533
0,2.4024e-06,1.6559
0,2.4124e-06,1.6586
0,2.4224e-06,1.6611
0,2.4324e-06,1.6637
0,2.4424e-06,1.6662
0,2.4525e-06,1.6687
0,2.4625e-06,1.6712
0,2.4725e-06,1.6736
0,2.4825e-06,1.676
0,2.4925e-06,1.6783
0,2.5025e-06,1.6807
0,2.5125e-06,1.6829
0,2.5225e-06,1.6852
0,2.5325e-06,1.6874
0,2.5425e-06,1.6895
0,2.5526e-06,1.6917
0,2.5626e-06,1.6937
0,2.5726e-06,1.6958
0,2.5826e-06,1.6977
0,2.5926e-06,1.6997
0,2.6026e-06,1.7016
0,2.6126e-06,1.7034
0,2.6226e-06,1.7052
0,2.6326e-06,1.7069
0,2.6426e-06,1.7086
0,2.6527e-06,1.7103
0,2.6627e-06,1.7119
0,2.6727e-06,1.7134
0,2.6827e-06,1.7149
0,2.6927e-06,1.7164
0,2.7027e-06,1.7177
0,2.7127e-06,1.7191
0,2.7227e-06,1.7204
0,2.7327e-06,1.7216
0,2.7427e-06,1.7228
0,2.7528e-06,1.7239
0,2.7628e-06,1.725
0,2.7728e-06,1.726
0,2.7828e-06,1.727
0,2.7928e-06,1.728
0,2.8028e-06,1.7288
0,2.8128e-06,1.7297
0,2.8228e-06,1.7305
0,2.8328e-06,1.7312
0,2.8428e-06,1.7319
0,2.8529e-06,1.7325
0,2.8629e-06,1.7331
0,2.8729e-06,1.7337
0,2.8829e-06,1.7342
0,2.8929e-06,1.7347
0,2.9029e-06,1.7351
0,2.9129e-06,1.7355
0,2.9229e-06,1.7358
0,2.9329e-06,1.7361
0,2.9429e-06,1.7364
0,2.953e-06,1.7367
0,2.963e-06,1.7369
0,2.973e-06,1.737
0,2.983e-06,1.7372
0,2.993e-06,1.7373
0,3.003e-06,1.7373
0,3.013e-06,1.7374
0,3.023e-06,1.7374
0,3.033e-06,1.7374
0,3.043e-06,1.7374
0,3.0531e-06,1.7374
0,3.0631e-06,1.7373
0,3.0731e-06,1.7372
0,3.0831e-06,1.7371
0,3.0931e-06,1.737
0,3.1031e-06,1.7369
0,3.1131e-06,1.7367
0,3.1231e-06,1.7366
0,3.1331e-06,1.7364
0,3.1431e-06,1.7363
0,3.1532e-06,1.7361
0,3.1632e-06,1.7359
0,3.1732e-06,1.7358
0,3.1832e-06,1.7356
0,3.1932e-06,1.7354
0,3.2032e-06,1.7353
0,3.2132e-06,1.7351
0,3.2232e-06,1.735
0,3.2332e-06,1.7348
0,3.2432e-06,1.7347
0,3.2533e-06,1.7346
0,3.2633e-06,1.7345
0,3.2733e-06,1.7344
0,3.2833e-06,1.7343
0,3.2933e-06,1.7342
0,3.3033e-06,1.7342
0,3.3133e-06,1.7342
0,3.3233e-06,1.7342
0,3.3333e-06,1.7342
0,3.3433e-06,1.7342
0,3.3534e-06,1.7343
0,3.3634e-06,1.7344
0,3.3734e-06,1.7345
0,3.3834e-06,1.7346
0,3.3934e-06,1.7348
0,3.4034e-06,1.735
0,3.4134e-06,1.7352
0,3.4234e-06,1.7355
0,3.4334e-06,1.7358
0,3.4434e-06,1.7361
0,3.4535e-06,1.7365
0,3.4635e-06,1.7368
0,3.4735e-06,1.7373
0,3.4835e-06,1.7377
0,3.4935e-06,1.7382
0,3.5035e-06,1.7387
0,3.5135e-06,1.7393
0,3.5235e-06,1.7399
0,3.5335e-06,1.7405
0,3.5435e-06,1.7412
0,3.5536e-06,1.7418
0,3.5636e-06,1.7426
0,3.5736e-06,1.7433
0,3.5836e-06,1.7441
0,3.5936e-06,1.7449
0,3.6036e-06,1.7458
0,3.6136e-06,1.7467
0,3.6236e-06,1.7476
0,3.6336e-06,1.7485
0,3.6436e-06,1.7495
0,3.6537e-06,1.7505
0,3.6637e-06,1.7515
0,3.6737e-06,1.7526
0,3.6837e-06,1.7537
0,3.6937e-06,1.7548
0,3.7037e-06,1.7559
0,3.7137e-06,1.7571
0,3.7237e-06,1.7583
0,3.7337e-06,1.7595
0,3.7437e-06,1.7607
0,3.7538e-06,1.7619
0,3.7638e-06,1.7632
0,3.7738e-06,1.7644
0,3.7838e-06,1.7657
0,3.7938e-06,1.767
0,3.8038e-06,1.7683
0,3.8138e-06,1.7696
0,3.8238e-06,1.771
0,3.8338e-06,1.7723
0,3.8438e-06,1.7736
0,3.8539e-06,1.775
0,3.8639e-06,1.7763
0,3.8739e-06,1.7776
0,3.8839e-06,1.779
0,3.8939e-06,1.7803
0,3.9039e-06,1.7817
0,3.9139e-06,1.783
0,3.9239e-06,1.7843
0,3.9339e-06,1.7856
0,3.9439e-06,1.7869
0,3.954e-06,1.7882
0,3.964e-06,1.7895
0,3.974e-06,1.7907
0,3.984e-06,1.792
0,3.994e-06,1.7932
0,4.004e-06,1.7944
0,4.014e-06,1.7956
0,4.024e-06,1.7967
0,4.034e-06,1.7979
0,4.044e-06,1.799
0,4.0541e-06,1.8001
0,4.0641e-06,1.8011
0,4.0741e-06,1.8021
0,4.0841e-06,1.8031
0,4.0941e-06,1.8041
0,4.1041e-06,1.805
0,4.1141e-06,1.8059
0,4.1241e-06,1.8068
0,4.1341e-06,1.8076
0,4.1441e-06,1.8084
0,4.1542e-06,1.8091
0,4.1642e-06,1.8098
0,4.1742e-06,1.8105
0,4.1842e-06,1.8111
0,4.1942e-06,1.8117
0,4.2042e-06,1.8122
0,4.2142e-06,1.8127
0,4.2242e-06,1.8132
0,4.2342e-06,1.8136
0,4.2442e-06,1.814
0,4.2543e-06,1.8143
0,4.2643e-06,1.8146
0,4.2743e-06,1.8148
0,4.2843e-06,1.815
0,4.2943e-06,1.8152
0,4.3043e-06,1.8153
0,4.3143e-06,1.8154
0,4.3243e-06,1.8154
0,4.3343e-06,1.8154
0,4.3443e-06,1.8153
0,4.3544e-06,1.8152
0,4.3644e-06,1.8151
0,4.3744e-06,1.8149
0,4.3844e-06,1.8147
0,4.3944e-06,1.8144
0,4.4044e-06,1.8141
0,4.4144e-06,1.8138
0,4.4244e-06,1.8134
0,4.4344e-06,1.813
0,4.4444e-06,1.8125
0,4.4545e-06,1.8121
0,4.4645e-06,1.8115
0,4.4745e-06,1.811
0,4.4845e-06,1.8104
0,4.4945e-06,1.8098
0,4.5045e-06,1.8092
0,4.5145e-06,1.8085
0,4.5245e-06,1.8078
0,4.5345e-06,1.8071
0,4.5445e-06,1.8064
0,4.5546e-06,1.8057
0,4.5646e-06,1.8049
0,4.5746e-06,1.8041
0,4.5846e-06,1.8033
0,4.5946e-06,1.8025
0,4.6046e-06,1.8017
0,4.6146e-06,1.8009
0,4.6246e-06,1.8
0,4.6346e-06,1.7992
0,4.6446e-06,1.7983
0,4.6547e-06,1.7975
0,4.6647e-06,1.7966
0,4.6747e-06,1.7958
0,4.6847e-06,1.7949
0,4.6947e-06,1.7941
0,4.7047e-06,1.7933
0,4.7147e-06,1.7924
0,4.7247e-06,1.7916
0,4.7347e-06,1.7908
0,4.7447e-06,1.79
0,4.7548e-06,1.7892
0,4.7648e-06,1.7885
0,4.7748e-06,1.7877
0,4.7848e-06,1.787
0,4.7948e-06,1.7863
0,4.8048e-06,1.7856
0,4.8148e-06,1.7849
0,4.8248e-06,1.7843
0,4.8348e-06,1.7837
0,4.8448e-06,1.7831
0,4.8549e-06,1.7826
0,4.8649e-06,1.7821
0,4.8749e-06,1.7816
0,4.8849e-06,1.7811
0,4.8949e-06,1.7807
0,4.9049e-06,1.7803
0,4.9149e-06,1.78
0,4.9249e-06,1.7797
0,4.9349e-06,1.7794
0,4.9449e-06,1.7792
0,4.955e-06,1.779
0,4.965e-06,1.7789
0,4.975e-06,1.7788
0,4.985e-06,1.7787
0,4.995e-06,1.7787
0,5.005e-06,1.7787
0,5.015e-06,1.7788
0,5.025e-06,1.7789
0,5.035e-06,1.779
0,5.045e-06,1.7792
0,5.0551e-06,1.7795
0,5.0651e-06,1.7798
0,5.0751e-06,1.7801
0,5.0851e-06,1.7805
0,5.0951e-06,1.7809
0,5.1051e-06,1.7813
0,5.1151e-06,1.7818
0,5.1251e-06,1.7824
0,5.1351e-06,1.7829
0,5.1451e-06,1.7836
0,5.1552e-06,1.7842
0,5.1652e-06,1.7849
0,5.1752e-06,1.7857
0,5.1852e-06,1.7864
0,5.1952e-06,1.7872
0,5.2052e-06,1.7881
0,5.2152e-06,1.7889
0,5.2252e-06,1.7898
0,5.2352e-06,1.7908
0,5.2452e-06,1.7917
0,5.2553e-06,1.7927
0,5.2653e-06,1.7937
0,5.2753e-06,1.7948
0,5.2853e-06,1.7959
0,5.2953e-06,1.7969
0,5.3053e-06,1.798
0,5.3153e-06,1.7992
0,5.3253e-06,1.8003
0,5.3353e-06,1.8015
0,5.3453e-06,1.8026
0,5.3554e-06,1.8038
0,5.3654e-06,1.805
0,5.3754e-06,1.8062
0,5.3854e-06,1.8074
0,5.3954e-06,1.8086
0,5.4054e-06,1.8098
0,5.4154e-06,1.811
0,5.4254e-06,1.8122
0,5.4354e-06,1.8134
0,5.4454e-06,1.8146
0,5.4555e-06,1.8158
0,5.4655e-06,1.817
0,5.4755e-06,1.8181
0,5.4855e-06,1.8193
0,5.4955e-06,1.8204
0,5.5055e-06,1.8215
0,5.5155e-06,1.8226
0,5.5255e-06,1.8237
0,5.5355e-06,1.8247
0,5.5455e-06,1.8257
0,5.5556e-06,1.8267
0,5.5656e-06,1.8277
0,5.5756e-06,1.8286
0,5.5856e-06,1.8295
0,5.5956e-06,1.8304
0,5.6056e-06,1.8313
0,5.6156e-06,1.8321
0,5.6256e-06,1.8328
0,5.6356e-06,1.8335
0,5.6456e-06,1.8342
0,5.6557e-06,1.8349
0,5.6657e-06,1.8355
0,5.6757e-06,1.836
0,5.6857e-06,1.8365
0,5.6957e-06,1.837
0,5.7057e-06,1.8374
0,5.7157e-06,1.8378
0,5.7257e-06,1.8381
0,5.7357e-06,1.8384
0,5.7457e-06,1.8386
0,5.7558e-06,1.8388
0,5.7658e-06,1.8389
0,5.7758e-06,1.839
0,5.7858e-06,1.839
0,5.7958e-06,1.839
0,5.8058e-06,1.8389
0,5.8158e-06,1.8388
0,5.8258e-06,1.8386
0,5.8358e-06,1.8384
0,5.8458e-06,1.8381
0,5.8559e-06,1.8378
0,5.8659e-06,1.8374
0,5.8759e-06,1.837
0,5.8859e-06,1.8365
0,5.8959e-06,1.836
0,5.9059e-06,1.8355
0,5.9159e-06,1.8349
0,5.9259e-06,1.8342
0,5.9359e-06,1.8335
0,5.9459e-06,1.8328
0,5.956e-06,1.832
0,5.966e-06,1.8312
0,5.976e-06,1.8303
0,5.986e-06,1.8295
0,5.996e-06,1.8285
0,6.006e-06,1.8276
0,6.016e-06,1.8266
0,6.026e-06,1.8256
0,6.036e-06,1.8245
0,6.046e-06,1.8235
0,6.0561e-06,1.8224
0,6.0661e-06,1.8212
0,6.0761e-06,1.8201
0,6.0861e-06,1.8189
0,6.0961e-06,1.8178
0,6.1061e-06,1.8166
0,6.1161e-06,1.8154
0,6.1261e-06,1.8142
0,6.1361e-06,1.813
0,6.1461e-06,1.8117
0,6.1562e-06,1.8105
0,6.1662e-06,1.8093
0,6.1762e-06,1.8081
0,6.1862e-06,1.8068
0,6.1962e-06,1.8056
0,6.2062e-06,1.8044
0,6.2162e-06,1.8032
0,6.2262e-06,1.802
0,6.2362e-06,1.8008
0,6.2462e-06,1.7997
0,6.2563e-06,1.7985
0,6.2663e-06,1.7974
0,6.2763e-06,1.7963
0,6.2863e-06,1.7952
0,6.2963e-06,1.7942
0,6.3063e-06,1.7932
0,6.3163e-06,1.7922
0,6.3263e-06,1.7912
0,6.3363e-06,1.7903
0,6.3463e-06,1.7894
0,6.3564e-06,1.7886
0,6.3664e-06,1.7878
0,6.3764e-06,1.787
0,6.3864e-06,1.7863
0,6.3964e-06,1.7857
0,6.4064e-06,1.785
0,6.4164e-06,1.7844
0,6.4264e-06,1.7839
0,6.4364e-06,1.7834
0,6.4464e-06,1.783
0,6.4565e-06,1.7826
0,6.4665e-06,1.7823
0,6.4765e-06,1.782
0,6.4865e-06,1.7818
0,6.4965e-06,1.7817
0,6.5065e-06,1.7815
0,6.5165e-06,1.7815
0,6.5265e-06,1.7815
0,6.5365e-06,1.7816
0,6.5465e-06,1.7817
0,6.5566e-06,1.7819
0,6.5666e-06,1.7821
0,6.5766e-06,1.7824
0,6.5866e-06,1.7827
0,6.5966e-06,1.7831
0,6.6066e-06,1.7836
0,6.6166e-06,1.7841
0,6.6266e-06,1.7847
0,6.6366e-06,1.7853
0,6.6466e-06,1.786
0,6.6567e-06,1.7867
0,6.6667e-06,1.7875
0,6.6767e-06,1.7883
0,6.6867e-06,1.7892
0,6.6967e-06,1.7901
0,6.7067e-06,1.7911
0,6.7167e-06,1.7921
0,6.7267e-06,1.7932
0,6.7367e-06,1.7943
0,6.7467e-06,1.7954
0,6.7568e-06,1.7966
0,6.7668e-06,1.7978
0,6.7768e-06,1.7991
0,6.7868e-06,1.8004
0,6.7968e-06,1.8017
0,6.8068e-06,1.803
0,6.8168e-06,1.8044
0,6.8268e-06,1.8058
0,6.8368e-06,1.8072
0,6.8468e-06,1.8086
0,6.8569e-06,1.8101
0,6.8669e-06,1.8115
0,6.8769e-06,1.813
0,6.8869e-06,1.8145
0,6.8969e-06,1.816
0,6.9069e-06,1.8175
0,6.9169e-06,1.8189
0,6.9269e-06,1.8204
0,6.9369e-06,1.8219
0,6.9469e-06,1.8234
0,6.957e-06,1.8249
0,6.967e-06,1.8263
0,6.977e-06,1.8278
0,6.987e-06,1.8292
0,6.997e-06,1.8306
0,7.007e-06,1.832
0,7.017e-06,1.8334
0,7.027e-06,1.8347
0,7.037e-06,1.836
0,7.047e-06,1.8373
0,7.0571e-06,1.8385
0,7.0671e-06,1.8397
0,7.0771e-06,1.8409
0,7.0871e-06,1.842
0,7.0971e-06,1.8431
0,7.1071e-06,1.8441
0,7.1171e-06,1.8451
0,7.1271e-06,1.846
0,7.1371e-06,1.8469
0,7.1471e-06,1.8477
0,7.1572e-06,1.8485
0,7.1672e-06,1.8492
0,7.1772e-06,1.8499
0,7.1872e-06,1.8505
0,7.1972e-06,1.851
0,7.2072e-06,1.8515
0,7.2172e-06,1.8519
0,7.2272e-06,1.8523
0,7.2372e-06,1.8526
0,7.2472e-06,1.8528
0,7.2573e-06,1.8529
0,7.2673e-06,1.853
0,7.2773e-06,1.853
0,7.2873e-06,1.853
0,7.2973e-06,1.8529
0,7.3073e-06,1.8527
0,7.3173e-06,1.8524
0,7.3273e-06,1.8521
0,7.3373e-06,1.8517
0,7.3473e-06,1.8513
0,7.3574e-06,1.8508
0,7.3674e-06,1.8502
0,7.3774e-06,1.8495
0,7.3874e-06,1.8488
0,7.3974e-06,1.848
0,7.4074e-06,1.8472
0,7.4174e-06,1.8463
0,7.4274e-06,1.8453
0,7.4374e-06,1.8443
0,7.4474e-06,1.8432
0,7.4575e-06,1.842
0,7.4675e-06,1.8408
0,7.4775e-06,1.8396
0,7.4875e-06,1.8383
0,7.4975e-06,1.837
0,7.5075e-06,1.8356
0,7.5175e-06,1.8341
0,7.5275e-06,1.8327
0,7.5375e-06,1.8311
0,7.5475e-06,1.8296
0,7.5576e-06,1.828
0,7.5676e-06,1.8264
0,7.5776e-06,1.8247
0,7.5876e-06,1.8231
0,7.5976e-06,1.8214
0,7.6076e-06,1.8197
0,7.6176e-06,1.8179
0,7.6276e-06,1.8162
0,7.6376e-06,1.8144
0,7.6476e-06,1.8127
0,7.6577e-06,1.8109
0,7.6677e-06,1.8091
0,7.6777e-06,1.8073
0,7.6877e-06,1.8056
0,7.6977e-06,1.8038
0,7.7077e-06,1.8021
0,7.7177e-06,1.8003
0,7.7277e-06,1.7986
0,7.7377e-06,1.7969
0,7.7477e-06,1.7953
0,7.7578e-06,1.7936
0,7.7678e-06,1.792
0,7.7778e-06,1.7904
0,7.7878e-06,1.7889
0,7.7978e-06,1.7874
0,7.8078e-06,1.7859
0,7.8178e-06,1.7845
0,7.8278e-06,1.7831
0,7.8378e-06,1.7818
0,7.8478e-06,1.7805
0,7.8579e-06,1.7793
0,7.8679e-06,1.7781
0,7.8779e-06,1.777
0,7.8879e-06,1.776
0,7.8979e-06,1.775
0,7.9079e-06,1.7741
0,7.9179e-06,1.7733
0,7.9279e-06,1.7725
0,7.9379e-06,1.7718
0,7.9479e-06,1.7712
0,7.958e-06,1.7707
0,7.968e-06,1.7702
0,7.978e-06,1.7698
0,7.988e-06,1.7695
0,7.998e-06,1.7693
0,8.008e-06,1.7692
0,8.018e-06,1.7691
0,8.028e-06,1.7691
0,8.038e-06,1.7692
0,8.048e-06,1.7694
0,8.0581e-06,1.7697
0,8.0681e-06,1.7701
0,8.0781e-06,1.7705
0,8.0881e-06,1.7711
0,8.0981e-06,1.7717
0,8.1081e-06,1.7724
0,8.1181e-06,1.7732
0,8.1281e-06,1.774
0,8.1381e-06,1.775
0,8.1481e-06,1.776
0,8.1582e-06,1.7771
0,8.1682e-06,1.7783
0,8.1782e-06,1.7796
0,8.1882e-06,1.7809
0,8.1982e-06,1.7823
0,8.2082e-06,1.7838
0,8.2182e-06,1.7853
0,8.2282e-06,1.7869
0,8.2382e-06,1.7886
0,8.2482e-06,1.7903
0,8.2583e-06,1.7921
0,8.2683e-06,1.794
0,8.2783e-06,1.7959
0,8.2883e-06,1.7978
0,8.2983e-06,1.7998
0,8.3083e-06,1.8018
0,8.3183e-06,1.8039
0,8.3283e-06,1.806
0,8.3383e-06,1.8082
0,8.3483e-06,1.8104
0,8.3584e-06,1.8126
0,8.3684e-06,1.8148
0,8.3784e-06,1.817
0,8.3884e-06,1.8193
0,8.3984e-06,1.8216
0,8.4084e-06,1.8238
0,8.4184e-06,1.8261
0,8.4284e-06,1.8284
0,8.4384e-06,1.8306
0,8.4484e-06,1.8329
0,8.4585e-06,1.8352
0,8.4685e-06,1.8374
0,8.4785e-06,1.8396
0,8.4885e-06,1.8418
0,8.4985e-06,1.8439
0,8.5085e-06,1.846
0,8.5185e-06,1.8481
0,8.5285e-06,1.8501
0,8.5385e-06,1.8521
0,8.5485e-06,1.8541
0,8.5586e-06,1.856
0,8.5686e-06,1.8578
0,8.5786e-06,1.8596
0,8.5886e-06,1.8613
0,8.5986e-06,1.8629
0,8.6086e-06,1.8644
0,8.6186e-06,1.8659
0,8.6286e-06,1.8673
0,8.6386e-06,1.8687
0,8.6486e-06,1.8699
0,8.6587e-06,1.871
0,8.6687e-06,1.8721
0,8.6787e-06,1.8731
0,8.6887e-06,1.8739
0,8.6987e-06,1.8747
0,8.7087e-06,1.8754
0,8.7187e-06,1.876
0,8.7287e-06,1.8764
0,8.7387e-06,1.8768
0,8.7487e-06,1.877
0,8.7588e-06,1.8772
0,8.7688e-06,1.8772
0,8.7788e-06,1.8771
0,8.7888e-06,1.8769
0,8.7988e-06,1.8766
0,8.8088e-06,1.8762
0,8.8188e-06,1.8757
0,8.8288e-06,1.8751
0,8.8388e-06,1.8743
0,8.8488e-06,1.8734
0,8.8589e-06,1.8724
0,8.8689e-06,1.8713
0,8.8789e-06,1.8701
0,8.8889e-06,1.8688
0,8.8989e-06,1.8674
0,8.9089e-06,1.8659
0,8.9189e-06,1.8642
0,8.9289e-06,1.8625
0,8.9389e-06,1.8607
0,8.9489e-06,1.8587
0,8.959e-06,1.8567
0,8.969e-06,1.8546
0,8.979e-06,1.8523
0,8.989e-06,1.85
0,8.999e-06,1.8477
0,9.009e-06,1.8452
0,9.019e-06,1.8426
0,9.029e-06,1.84
0,9.039e-06,1.8373
0,9.049e-06,1.8346
0,9.0591e-06,1.8317
0,9.0691e-06,1.8289
0,9.0791e-06,1.8259
0,9.0891e-06,1.823
0,9.0991e-06,1.82
0,9.1091e-06,1.8169
0,9.1191e-06,1.8138
0,9.1291e-06,1.8107
0,9.1391e-06,1.8076
0,9.1491e-06,1.8044
0,9.1592e-06,1.8012
0,9.1692e-06,1.7981
0,9.1792e-06,1.7949
0,9.1892e-06,1.7917
0,9.1992e-06,1.7886
0,9.2092e-06,1.7855
0,9.2192e-06,1.7823
0,9.2292e-06,1.7793
0,9.2392e-06,1.7762
0,9.2492e-06,1.7732
0,9.2593e-06,1.7702
0,9.2693e-06,1.7673
0,9.2793e-06,1.7645
0,9.2893e-06,1.7617
0,9.2993e-06,1.759
0,9.3093e-06,1.7563
0,9.3193e-06,1.7538
0,9.3293e-06,1.7513
0,9.3393e-06,1.7489
0,9.3493e-06,1.7466
0,9.3594e-06,1.7444
0,9.3694e-06,1.7423
0,9.3794e-06,1.7404
0,9.3894e-06,1.7385
0,9.3994e-06,1.7368
0,9.4094e-06,1.7352
0,9.4194e-06,1.7337
0,9.4294e-06,1.7324
0,9.4394e-06,1.7312
0,9.4494e-06,1.7302
0,9.4595e-06,1.7293
0,9.4695e-06,1.7285
0,9.4795e-06,1.7279
0,9.4895e-06,1.7275
0,9.4995e-06,1.7272
0,9.5095e-06,1.7271
0,9.5195e-06,1.7271
0,9.5295e-06,1.7274
0,9.5395e-06,1.7277
0,9.5495e-06,1.7283
0,9.5596e-06,1.729
0,9.5696e-06,1.7299
0,9.5796e-06,1.731
0,9.5896e-06,1.7323
0,9.5996e-06,1.7337
0,9.6096e-06,1.7353
0,9.6196e-06,1.7371
0,9.6296e-06,1.739
0,9.6396e-06,1.7411
0,9.6496e-06,1.7434
0,9.6597e-06,1.7459
0,9.6697e-06,1.7485
0,9.6797e-06,1.7513
0,9.6897e-06,1.7543
0,9.6997e-06,1.7574
0,9.7097e-06,1.7607
0,9.7197e-06,1.7641
0,9.7297e-06,1.7677
0,9.7397e-06,1.7714
0,9.7497e-06,1.7753
0,9.7598e-06,1.7793
0,9.7698e-06,1.7834
0,9.7798e-06,1.7877
0,9.7898e-06,1.792
0,9.7998e-06,1.7965
0,9.8098e-06,1.8011
0,9.8198e-06,1.8058
0,9.8298e-06,1.8107
0,9.8398e-06,1.8155
0,9.8498e-06,1.8205
0,9.8599e-06,1.8256
0,9.8699e-06,1.8307
0,9.8799e-06,1.8359
0,9.8899e-06,1.8411
0,9.8999e-06,1.8463
0,9.9099e-06,1.8516
0,9.9199e-06,1.857
0,9.9299e-06,1.8623
0,9.9399e-06,1.8676
0,9.9499e-06,1.873
0,9.96e-06,1.8783
0,9.97e-06,1.8836
0,9.98e-06,1.8889
0,9.99e-06,1.8941
0,1e-05,1.8992
